Sample,Population,Well,X0,X0.1,X0.5,X1,X5,X25,X100,X1000,Variant,seq,avg_Log2_RepSorted2_enrich,sd_Log2_RepSorted2_enrich,anc_id,anc_id_no_slash
ADBD1,RepressedSorted2,B11,7662.100457,7014.840183,7029.511918,7256.235828,8594.470046,10222.94372,11354.61802,13299.76019,Anc318,KPITLYDVARHAGVSYQTVSRVINQAAHVSTRTREKVEQAMAELHYVPNRVAQQLAGKQ,6.946827718,0.031899675,Anc882,Anc882
ADBD1,RepressedSorted2,B7,7556.321839,6905.574516,6898.534386,7197.247706,8443.946188,10165.5481,11472.31638,13550.58824,Anc318,KPITLYDVARHAGVSYQTVSRVINQAAHVSTRTREKVEQAMAELHYVPNRVAQQLAGKQ,6.946827718,0.031899675,Anc882,Anc882
ADBD1,RepressedSorted2,D2,8042.056075,7248.01812,7715.935335,8327.625571,10154.46224,12192.26394,13716.87429,15543.96249,Anc318,KPITLYDVARHAGVSYQTVSRVINQAAHVSTRTREKVEQAMAELHYVPNRVAQQLAGKQ,6.946827718,0.031899675,Anc882,Anc882
ADBD1,RepressedSorted2,E12,8183.391003,7724.373576,7956.018519,8279.532164,9692.575406,11455.49133,12477.06422,14266.66667,Anc318,KPITLYDVARHAGVSYQTVSRVINQAAHVSTRTREKVEQAMAELHYVPNRVAQQLAGKQ,6.946827718,0.031899675,Anc882,Anc882
ADBD1,RepressedSorted2,E8,7599.544937,6730.425056,6909.60452,7176.738883,8384.444444,10232.26545,11061.52125,13243.55972,Anc318,KPITLYDVARHAGVSYQTVSRVINQAAHVSTRTREKVEQAMAELHYVPNRVAQQLAGKQ,6.946827718,0.031899675,Anc882,Anc882
ADBD1,RepressedSorted2,G2,7712.035996,6837.59733,7192.962543,7514.705882,8778.888889,10260.86957,11507.37798,13062.8638,Anc318,KPITLYDVARHAGVSYQTVSRVINQAAHVSTRTREKVEQAMAELHYVPNRVAQQLAGKQ,6.946827718,0.031899675,Anc882,Anc882
ADBD1,RepressedSorted2,H7,7642.857143,6706.95553,6938.636364,7260.768335,8386.911596,10104.7836,11209.1954,13262.10153,Anc318,KPITLYDVARHAGVSYQTVSRVINQAAHVSTRTREKVEQAMAELHYVPNRVAQQLAGKQ,6.946827718,0.031899675,Anc882,Anc882
ADBD2,RepressedSorted2,A11,7526.434196,6995.423341,7004.550626,7129.398411,8291.571754,9329.199549,10148.9118,11621.62162,Anc318,KPITLYDVARHAGVSYQTVSRVINQAAHVSTRTREKVEQAMAELHYVPNRVAQQLAGKQ,6.946827718,0.031899675,Anc882,Anc882
ADBD2,RepressedSorted2,F8,7428.571429,6945.578231,7078.142695,7340.935006,8449.002217,9995.43379,10675.2809,12144.52214,Anc318,KPITLYDVARHAGVSYQTVSRVINQAAHVSTRTREKVEQAMAELHYVPNRVAQQLAGKQ,6.946827718,0.031899675,Anc882,Anc882
ADBD2,RepressedSorted2,G9,7598.407281,6854.524628,6996.598639,7452.243959,8673.913043,10164.78555,10887.11517,13149.35823,Anc318,KPITLYDVARHAGVSYQTVSRVINQAAHVSTRTREKVEQAMAELHYVPNRVAQQLAGKQ,6.946827718,0.031899675,Anc882,Anc882
ADBD1,RepressedSorted2,A11,7406.360424,6535.714286,6708.139535,7065.088757,8235.294118,10260.86957,11555.16432,14106.15199,Anc322/Anc578,KPVTLYDVAEYAGVSYQTVSRVVNQASHVSAKTREKVEAAMAELNYIPNRVAQQLAGKQ,6.863426477,0.088795042,P03023/Anc886,EcLacI_Anc886
ADBD1,RepressedSorted2,B3,7367.647059,6750.841751,6962.068966,7079.726651,8373.57631,10115.55556,11549.83203,13934.11765,Anc322/Anc578,KPVTLYDVAEYAGVSYQTVSRVVNQASHVSAKTREKVEAAMAELNYIPNRVAQQLAGKQ,6.863426477,0.088795042,P03023/Anc886,EcLacI_Anc886
ADBD1,RepressedSorted2,C7,7289.740699,6685.941043,6746.335964,7036.995516,8126.26832,9961.840629,11368.53933,13069.84866,Anc322/Anc578,KPVTLYDVAEYAGVSYQTVSRVVNQASHVSAKTREKVEAAMAELNYIPNRVAQQLAGKQ,6.863426477,0.088795042,P03023/Anc886,EcLacI_Anc886
ADBD1,RepressedSorted2,D11,7500,6720.504009,6719.178082,6845.19774,8088.664422,10420.07001,11510.17964,13493.68687,Anc322/Anc578,KPVTLYDVAEYAGVSYQTVSRVVNQASHVSAKTREKVEAAMAELNYIPNRVAQQLAGKQ,6.863426477,0.088795042,P03023/Anc886,EcLacI_Anc886
ADBD1,RepressedSorted2,D6,7368.539326,6542.565267,6608.399546,6922.899885,8021.689498,10136.20885,11557.07763,13882.92683,Anc322/Anc578,KPVTLYDVAEYAGVSYQTVSRVVNQASHVSAKTREKVEAAMAELNYIPNRVAQQLAGKQ,6.863426477,0.088795042,P03023/Anc886,EcLacI_Anc886
ADBD1,RepressedSorted2,E11,7402.050114,6620.209059,6708.428246,6872.979215,8192.962543,10270.20785,11550.40556,13903.91459,Anc322/Anc578,KPVTLYDVAEYAGVSYQTVSRVVNQASHVSAKTREKVEAAMAELNYIPNRVAQQLAGKQ,6.863426477,0.088795042,P03023/Anc886,EcLacI_Anc886
ADBD1,RepressedSorted2,E6,7849.607183,6926.636569,7352.542373,8068.649886,11235.56059,14617.91383,16034.88372,18997.60766,Anc322/Anc578,KPVTLYDVAEYAGVSYQTVSRVVNQASHVSAKTREKVEAAMAELNYIPNRVAQQLAGKQ,6.863426477,0.088795042,P03023/Anc886,EcLacI_Anc886
ADBD1,RepressedSorted2,F2,7652.073733,6926.553672,7166.855846,7733.333333,9261.415525,11471.7833,12950,15030.78677,Anc322/Anc578,KPVTLYDVAEYAGVSYQTVSRVVNQASHVSAKTREKVEAAMAELNYIPNRVAQQLAGKQ,6.863426477,0.088795042,P03023/Anc886,EcLacI_Anc886
ADBD1,RepressedSorted2,G11,7594.907407,7100.346021,7168.19222,7572.087659,9056.497175,11395.80908,12860.43829,14691.48936,Anc322/Anc578,KPVTLYDVAEYAGVSYQTVSRVVNQASHVSAKTREKVEAAMAELNYIPNRVAQQLAGKQ,6.863426477,0.088795042,P03023/Anc886,EcLacI_Anc886
ADBD1,RepressedSorted2,G3,7332.199546,6713.151927,6948.156682,7195.676906,8236.929922,10553.70986,11884.83466,13715.26196,Anc322/Anc578,KPVTLYDVAEYAGVSYQTVSRVVNQASHVSAKTREKVEAAMAELNYIPNRVAQQLAGKQ,6.863426477,0.088795042,P03023/Anc886,EcLacI_Anc886
ADBD1,RepressedSorted2,G5,7411.434978,6739.428571,6884.269663,7086.907449,8330.396476,10492.72116,11778.52349,13984.72385,Anc322/Anc578,KPVTLYDVAEYAGVSYQTVSRVVNQASHVSAKTREKVEAAMAELNYIPNRVAQQLAGKQ,6.863426477,0.088795042,P03023/Anc886,EcLacI_Anc886
ADBD1,RepressedSorted2,H6,7441.043084,6568.181818,6680.225989,6980.392157,8094.579008,10186.57565,11584.00927,13871.04338,Anc322/Anc578,KPVTLYDVAEYAGVSYQTVSRVVNQASHVSAKTREKVEAAMAELNYIPNRVAQQLAGKQ,6.863426477,0.088795042,P03023/Anc886,EcLacI_Anc886
ADBD2,RepressedSorted2,A12,7780.405405,7446.832579,7556.461001,7765.588915,9285.714286,11704.93685,13227.9496,14769.14016,Anc322/Anc578,KPVTLYDVAEYAGVSYQTVSRVVNQASHVSAKTREKVEAAMAELNYIPNRVAQQLAGKQ,6.863426477,0.088795042,P03023/Anc886,EcLacI_Anc886
ADBD2,RepressedSorted2,A4,7462.585034,6675.977654,6836.484983,7048.206278,8270.391061,10183.20611,11757.30337,13307.60369,Anc322/Anc578,KPVTLYDVAEYAGVSYQTVSRVVNQASHVSAKTREKVEAAMAELNYIPNRVAQQLAGKQ,6.863426477,0.088795042,P03023/Anc886,EcLacI_Anc886
ADBD2,RepressedSorted2,B12,7881.199539,7390.857143,7580.498866,7867.132867,9204.104903,11460.49661,13087.00565,14728.99408,Anc322/Anc578,KPVTLYDVAEYAGVSYQTVSRVVNQASHVSAKTREKVEAAMAELNYIPNRVAQQLAGKQ,6.863426477,0.088795042,P03023/Anc886,EcLacI_Anc886
ADBD2,RepressedSorted2,B2,7361.014994,6618.885097,6921.47806,7224.513173,8238.789238,10165.53288,11706.68177,13855.03686,Anc322/Anc578,KPVTLYDVAEYAGVSYQTVSRVVNQASHVSAKTREKVEAAMAELNYIPNRVAQQLAGKQ,6.863426477,0.088795042,P03023/Anc886,EcLacI_Anc886
ADBD2,RepressedSorted2,B9,7508.650519,6596.064815,6752.57732,7106.682298,8165.32721,10033.21879,11221.18743,13035.93556,Anc322/Anc578,KPVTLYDVAEYAGVSYQTVSRVVNQASHVSAKTREKVEAAMAELNYIPNRVAQQLAGKQ,6.863426477,0.088795042,P03023/Anc886,EcLacI_Anc886
ADBD2,RepressedSorted2,C2,7515.643105,6952.326901,7002.290951,7357.548241,8591.581342,10524.29379,11946.83258,13883.85598,Anc322/Anc578,KPVTLYDVAEYAGVSYQTVSRVVNQASHVSAKTREKVEAAMAELNYIPNRVAQQLAGKQ,6.863426477,0.088795042,P03023/Anc886,EcLacI_Anc886
ADBD2,RepressedSorted2,C5,7436.915888,6835.428571,6990.794016,7230.24055,8534.802784,10652.52294,12069.52491,14151.73238,Anc322/Anc578,KPVTLYDVAEYAGVSYQTVSRVVNQASHVSAKTREKVEAAMAELNYIPNRVAQQLAGKQ,6.863426477,0.088795042,P03023/Anc886,EcLacI_Anc886
ADBD2,RepressedSorted2,C8,7404.844291,6860.49238,6889.142857,7235.225956,8506.17284,10706.01852,12171.85698,13920.14303,Anc322/Anc578,KPVTLYDVAEYAGVSYQTVSRVVNQASHVSAKTREKVEAAMAELNYIPNRVAQQLAGKQ,6.863426477,0.088795042,P03023/Anc886,EcLacI_Anc886
ADBD2,RepressedSorted2,D10,7413.363533,6698.614319,6618.451025,7047.449585,8281.786942,9988.751406,11672.43368,13782.66033,Anc322/Anc578,KPVTLYDVAEYAGVSYQTVSRVVNQASHVSAKTREKVEAAMAELNYIPNRVAQQLAGKQ,6.863426477,0.088795042,P03023/Anc886,EcLacI_Anc886
ADBD2,RepressedSorted2,D3,7353.558926,6575.688073,6682.232346,6958.857143,8156.321839,10217.3913,11739.38002,13780.37383,Anc322/Anc578,KPVTLYDVAEYAGVSYQTVSRVVNQASHVSAKTREKVEAAMAELNYIPNRVAQQLAGKQ,6.863426477,0.088795042,P03023/Anc886,EcLacI_Anc886
ADBD2,RepressedSorted2,D4,9298.850575,8146.76259,7862.021858,7915.775401,8940.789474,11233.85013,12514.11043,15067.09677,Anc322/Anc578,KPVTLYDVAEYAGVSYQTVSRVVNQASHVSAKTREKVEAAMAELNYIPNRVAQQLAGKQ,6.863426477,0.088795042,P03023/Anc886,EcLacI_Anc886
ADBD2,RepressedSorted2,D7,7463.302752,6581.901489,6575.170843,6931.155193,7997.727273,10286.36884,11589.0411,13698.94982,Anc322/Anc578,KPVTLYDVAEYAGVSYQTVSRVVNQASHVSAKTREKVEAAMAELNYIPNRVAQQLAGKQ,6.863426477,0.088795042,P03023/Anc886,EcLacI_Anc886
ADBD2,RepressedSorted2,E4,7379.8627,6834.862385,6960.09122,7239.355581,8577.367206,10394.61883,11973.4104,13674.88263,Anc322/Anc578,KPVTLYDVAEYAGVSYQTVSRVVNQASHVSAKTREKVEAAMAELNYIPNRVAQQLAGKQ,6.863426477,0.088795042,P03023/Anc886,EcLacI_Anc886
ADBD2,RepressedSorted2,E7,7363.431151,6837.744534,6915.742794,7272.409779,8641.531323,10621.08922,12104.04624,13990.51008,Anc322/Anc578,KPVTLYDVAEYAGVSYQTVSRVVNQASHVSAKTREKVEAAMAELNYIPNRVAQQLAGKQ,6.863426477,0.088795042,P03023/Anc886,EcLacI_Anc886
ADBD2,RepressedSorted2,F9,7533.024334,6955.172414,7123.414072,7184.743743,8506.300115,10659.06499,12026.52826,13765.75505,Anc322/Anc578,KPVTLYDVAEYAGVSYQTVSRVVNQASHVSAKTREKVEAAMAELNYIPNRVAQQLAGKQ,6.863426477,0.088795042,P03023/Anc886,EcLacI_Anc886
ADBD2,RepressedSorted2,H9,8666.666667,7427.613941,7729.110512,7607.643312,9027.202073,10991.31514,13722.14386,15036.63501,Anc322/Anc578,KPVTLYDVAEYAGVSYQTVSRVVNQASHVSAKTREKVEAAMAELNYIPNRVAQQLAGKQ,6.863426477,0.088795042,P03023/Anc886,EcLacI_Anc886
ADBD1,RepressedSorted2,C5,8100.115075,7652.714932,8312.28473,9308.924485,13209.14286,17193.14286,19448.51259,22347.30539,Anc630,KSITLYDVAEHAGVSYQTVSRVINQASHVSEKTRLKVESAMAALNYVPNRVAQQLAGKL,6.736622583,0.071647891,A0A0G4JQF3,A0A0G4JQF3
ADBD1,RepressedSorted2,F6,8659.502262,7888.127854,8835.9375,10243.05556,14552.99539,18890.41096,20661.38165,24446.62577,Anc630,KSITLYDVAEHAGVSYQTVSRVINQASHVSEKTRLKVESAMAALNYVPNRVAQQLAGKL,6.736622583,0.071647891,A0A0G4JQF3,A0A0G4JQF3
ADBD1,RepressedSorted2,A10,10291.03609,9558.652729,11261.82238,13313.38028,17766.59039,20680.27211,22505.84112,26039.09206,Anc317,KPVTLNDVAAYAGVSYQTVSRVLNQAPHVSDRTREKVEQAMAALNYVPNRVAQQLAGKS,6.577942932,0.060114708,Anc881,Anc881
ADBD1,RepressedSorted2,B6,8496.027242,8034.870641,8973.893303,10373.42497,14280.36322,17596.64804,19320.09081,21897.59036,Anc317,KPVTLNDVAAYAGVSYQTVSRVLNQAPHVSDRTREKVEQAMAALNYVPNRVAQQLAGKS,6.577942932,0.060114708,Anc881,Anc881
ADBD1,RepressedSorted2,C4,8182.232346,7604.519774,8296.254257,9415.525114,12757.22543,15463.57616,17551.29651,19762.6322,Anc317,KPVTLNDVAAYAGVSYQTVSRVLNQAPHVSDRTREKVEQAMAALNYVPNRVAQQLAGKS,6.577942932,0.060114708,Anc881,Anc881
ADBD1,RepressedSorted2,G10,8548.460661,8012.429379,8940.706956,10321.38728,14473.9819,17484.34004,19533.95785,21484.88513,Anc317,KPVTLNDVAAYAGVSYQTVSRVLNQAPHVSDRTREKVEQAMAALNYVPNRVAQQLAGKS,6.577942932,0.060114708,Anc881,Anc881
ADBD1,RepressedSorted2,G4,8412.643678,8110.854503,8666.666667,10209.75057,14473.09417,17953.88076,19195.99109,21676.25899,Anc317,KPVTLNDVAAYAGVSYQTVSRVLNQAPHVSDRTREKVEQAMAALNYVPNRVAQQLAGKS,6.577942932,0.060114708,Anc881,Anc881
ADBD2,RepressedSorted2,A7,8204.176334,7509.070295,8188.208617,9227.745665,12872,16189.87342,17763.95349,19738.18182,Anc317,KPVTLNDVAAYAGVSYQTVSRVLNQAPHVSDRTREKVEQAMAALNYVPNRVAQQLAGKS,6.577942932,0.060114708,Anc881,Anc881
ADBD2,RepressedSorted2,B4,8886.727689,8417.431193,9705.156951,11487.26852,15874.42396,19825.74032,21345.93356,24227.50643,Anc317,KPVTLNDVAAYAGVSYQTVSRVLNQAPHVSDRTREKVEQAMAALNYVPNRVAQQLAGKS,6.577942932,0.060114708,Anc881,Anc881
ADBD2,RepressedSorted2,E11,8828.248588,8316.933638,9260.273973,10371.75141,14863.12217,18270.95293,19961.53846,22149.93954,Anc317,KPVTLNDVAAYAGVSYQTVSRVLNQAPHVSDRTREKVEQAMAALNYVPNRVAQQLAGKS,6.577942932,0.060114708,Anc881,Anc881
ADBD2,RepressedSorted2,F7,8224.941725,7649.365629,8449.374289,9428.405122,12614.40186,15345.70766,16456.6474,18162.81896,Anc317,KPVTLNDVAAYAGVSYQTVSRVLNQAPHVSDRTREKVEQAMAALNYVPNRVAQQLAGKS,6.577942932,0.060114708,Anc881,Anc881
ADBD2,RepressedSorted2,H5,8502.237136,7920.780712,8844.186047,10238.15029,13768.19709,17839.50617,18953.82883,21088.37209,Anc317,KPVTLNDVAAYAGVSYQTVSRVLNQAPHVSDRTREKVEQAMAALNYVPNRVAQQLAGKS,6.577942932,0.060114708,Anc881,Anc881
ADBD1,RepressedSorted2,C2,8404.37788,8793.450882,8824.825986,11534.03141,15341.30146,18332.90816,19736.63625,22492.49659,Anc315,KPVTLNDVARHAGVSYQTVSRVLNQAPHVSEKTREKVEQAMAELNYVPNRVAQQLAGKQ,6.540715359,0.004564816,Anc879,Anc879
ADBD1,RepressedSorted2,C6,10489.093,9776.376147,10090.90909,10776.3466,12045.24362,13184.9711,13867.99065,15383.95062,Anc315,KPVTLNDVARHAGVSYQTVSRVLNQAPHVSEKTREKVEQAMAELNYVPNRVAQQLAGKQ,6.540715359,0.004564816,Anc879,Anc879
ADBD1,RepressedSorted2,D7,8566.12529,7645.714286,8521.205357,9670.150987,12776.76538,15461.27563,16745.6847,19345.45455,Anc315,KPVTLNDVARHAGVSYQTVSRVLNQAPHVSEKTREKVEQAMAELNYVPNRVAQQLAGKQ,6.540715359,0.004564816,Anc879,Anc879
ADBD1,RepressedSorted2,E9,8598.37963,7801.832761,8636.158192,10067.18925,13142.85714,15757.95455,16738.83162,19018.05054,Anc315,KPVTLNDVARHAGVSYQTVSRVLNQAPHVSEKTREKVEQAMAELNYVPNRVAQQLAGKQ,6.540715359,0.004564816,Anc879,Anc879
ADBD1,RepressedSorted2,G6,8922.551253,8464.245176,9340.425532,10860.20293,14344.28086,17077.36064,18273.76861,20357.83133,Anc315,KPVTLNDVARHAGVSYQTVSRVLNQAPHVSEKTREKVEQAMAELNYVPNRVAQQLAGKQ,6.540715359,0.004564816,Anc879,Anc879
ADBD2,RepressedSorted2,A6,8540.203851,8091.220068,9048.387097,10290.17341,13463.63636,16361.23853,17629.06977,19608.69565,Anc315,KPVTLNDVARHAGVSYQTVSRVLNQAPHVSEKTREKVEQAMAELNYVPNRVAQQLAGKQ,6.540715359,0.004564816,Anc879,Anc879
ADBD2,RepressedSorted2,B7,8208.525346,7306.544202,7933.789954,8848.413631,11067.50572,13235.36165,13888.2283,15943.10999,Anc315,KPVTLNDVARHAGVSYQTVSRVLNQAPHVSEKTREKVEQAMAELNYVPNRVAQQLAGKQ,6.540715359,0.004564816,Anc879,Anc879
ADBD2,RepressedSorted2,E3,9271.910112,8818.284424,10450.84746,11988.63636,15925.75928,18467.03911,19798.63481,22040.66986,Anc315,KPVTLNDVARHAGVSYQTVSRVLNQAPHVSEKTREKVEQAMAELNYVPNRVAQQLAGKQ,6.540715359,0.004564816,Anc879,Anc879
ADBD2,RepressedSorted2,G3,8527.16763,7852.60771,8843.428571,10015.87302,13319.07514,15798.67257,16913.24201,18997.63033,Anc315,KPVTLNDVARHAGVSYQTVSRVLNQAPHVSEKTREKVEQAMAELNYVPNRVAQQLAGKQ,6.540715359,0.004564816,Anc879,Anc879
ADBD4,Clonal,B5,16040.7911,15159.65347,18392.59259,20628.81563,26459.35961,30852.657,33442.21106,38428.19843,Anc321,KPVTLYDVAEHAGVSYQTVSRVINQASHVSEKTREKVESAMAALNYVPNRVAQQLAGKQ,6.314387988,0.06652889,Anc885,Anc885
ADBD5,Clonal,D9,16331.13456,16661.78429,19576.71958,22213.99731,27438.99204,31326.45161,35940.84507,41580.64516,Anc321,KPVTLYDVAEHAGVSYQTVSRVINQASHVSEKTREKVESAMAALNYVPNRVAQQLAGKQ,6.314387988,0.06652889,Anc885,Anc885
ADBD5,Clonal,G6,17721.48541,16997.39922,20067.46032,21621.13402,27930.07916,33126.51413,36165.70605,42114.77987,Anc321,KPVTLYDVAEHAGVSYQTVSRVINQASHVSEKTREKVESAMAALNYVPNRVAQQLAGKQ,6.314387988,0.06652889,Anc885,Anc885
ADBD5,Clonal,H1,20364.79592,20280.6574,24283.83706,25873.40153,32446.42857,37039.84576,39565.6168,42879.72028,Anc321,KPVTLYDVAEHAGVSYQTVSRVINQASHVSEKTREKVESAMAALNYVPNRVAQQLAGKQ,6.314387988,0.06652889,Anc885,Anc885
ADBD1,RepressedSorted2,E4,8651.029748,8091.015169,9026.90583,10343.8914,13651.42857,16604.75651,17553.5513,19894.04762,Anc316,KPVTLNDVARHAGVSYQTVSRVLNQAPHVSERTREKVEQAMAELNYVPNRVAQQLAGKQ,6.1560501,0.001052736,Anc880,Anc880
ADBD1,RepressedSorted2,E5,8837.684449,8121.729238,9215.34937,10827.58621,13917.31844,17456.49718,18281.17914,21333.73206,Anc316,KPVTLNDVARHAGVSYQTVSRVLNQAPHVSERTREKVEQAMAELNYVPNRVAQQLAGKQ,6.1560501,0.001052736,Anc880,Anc880
ADBD1,RepressedSorted2,F4,8691.24424,7995.545657,8943.630214,10290.69767,13633.75431,16607.50853,17672.748,20004.82509,Anc316,KPVTLNDVARHAGVSYQTVSRVLNQAPHVSERTREKVEQAMAELNYVPNRVAQQLAGKQ,6.1560501,0.001052736,Anc880,Anc880
ADBD2,RepressedSorted2,G2,8633.333333,8145.785877,9228.832952,10536.97383,13908.6758,16646.72686,17682.1267,19790.99307,Anc316,KPVTLNDVARHAGVSYQTVSRVLNQAPHVSERTREKVEQAMAELNYVPNRVAQQLAGKQ,6.1560501,0.001052736,Anc880,Anc880
ADBD1,RepressedSorted2,C10,8747.986191,8404.789054,9572.08238,11333.7156,18784.06467,25354.40181,28512.19512,33019.65602,Anc629,TSVTLYDVAEYAGVSYQTVSRVVNQASHVSAKTREKVEAAMAQLNYIPNRVAQQLAGKQ,5.63049273,0.248125327,A0A0E1CSG8,A0A0E1CSG8
ADBD1,RepressedSorted2,F3,8658.675799,8184.210526,9093.891403,11006.82594,17414.10694,22935.55556,25418.88889,30514.59854,Anc629,TSVTLYDVAEYAGVSYQTVSRVVNQASHVSAKTREKVEAAMAQLNYIPNRVAQQLAGKQ,5.63049273,0.248125327,A0A0E1CSG8,A0A0E1CSG8
ADBD1,RepressedSorted2,H3,9295.532646,8770.193402,10472.44094,12681.6092,19808.31409,25796.14949,29448.95592,34502.45098,Anc629,TSVTLYDVAEYAGVSYQTVSRVVNQASHVSAKTREKVEAAMAQLNYIPNRVAQQLAGKQ,5.63049273,0.248125327,A0A0E1CSG8,A0A0E1CSG8
ADBD2,RepressedSorted2,D6,9479.096045,8750,10302.29885,12745.00588,19543.02326,25421.96532,28496.47059,34076.92308,Anc629,TSVTLYDVAEYAGVSYQTVSRVVNQASHVSAKTREKVEAAMAQLNYIPNRVAQQLAGKQ,5.63049273,0.248125327,A0A0E1CSG8,A0A0E1CSG8
ADBD2,RepressedSorted2,G10,9492.537313,8869.665513,10393.83562,12672.51462,19421.71429,24662.22222,28280.78251,33542.99754,Anc629,TSVTLYDVAEYAGVSYQTVSRVVNQASHVSAKTREKVEAAMAQLNYIPNRVAQQLAGKQ,5.63049273,0.248125327,A0A0E1CSG8,A0A0E1CSG8
ADBD1,RepressedSorted2,A6,9281.213536,8410.672854,9745.120551,11513.35656,15342.59259,18382.48848,19563.74269,22828.14446,Anc319,KPVTLNDVARHAGVSYQTVSRVLNQAAHVSEKTREKVEQAMAELNYVPNRVAQQLAGKQ,5.569454741,0.227022615,Anc883,Anc883
ADBD1,RepressedSorted2,A8,8913.49481,8239.030023,9332.949309,10605.08083,14175.25773,17554.66053,18544.20207,21665.02463,Anc319,KPVTLNDVARHAGVSYQTVSRVLNQAAHVSEKTREKVEQAMAELNYVPNRVAQQLAGKQ,5.569454741,0.227022615,Anc883,Anc883
ADBD1,RepressedSorted2,D3,9043.577982,8475.056689,9873.997709,11488.08173,15422.72727,18445.22968,19864,22623.17073,Anc319,KPVTLNDVARHAGVSYQTVSRVLNQAAHVSEKTREKVEQAMAELNYVPNRVAQQLAGKQ,5.569454741,0.227022615,Anc883,Anc883
ADBD1,RepressedSorted2,H12,9425.581395,9100.22779,10404.35281,11875.73964,15868.11927,19098.36066,20423.25056,22141.96762,Anc319,KPVTLNDVARHAGVSYQTVSRVLNQAAHVSEKTREKVEQAMAELNYVPNRVAQQLAGKQ,5.569454741,0.227022615,Anc883,Anc883
ADBD2,RepressedSorted2,G7,9408.614668,8592.549476,10012.68743,11705.81257,15109.46408,18819.84036,19854.14236,22556.09756,Anc319,KPVTLNDVARHAGVSYQTVSRVLNQAAHVSEKTREKVEQAMAELNYVPNRVAQQLAGKQ,5.569454741,0.227022615,Anc883,Anc883
ADBD1,RepressedSorted2,F5,16338.28571,14338.23529,14198.62227,14263.33712,13624.58101,14149.32127,13937.5,15629.26829,Anc271,SSPTIYDVARLAGVSHQTVSRVLNGHPNVRPATRERVQQAIEELNYRPNSAARALATRR,4.347920317,0.023418739,Anc835,Anc835
ADBD1,RepressedSorted2,H4,17804.82204,15710.40724,15627.82805,15638.66513,15512.64368,15546.59091,15485.71429,17031.59174,Anc271,SSPTIYDVARLAGVSHQTVSRVLNGHPNVRPATRERVQQAIEELNYRPNSAARALATRR,4.347920317,0.023418739,Anc835,Anc835
ADBD2,RepressedSorted2,A5,17771.26437,16228.44345,16146.59091,16003.42857,15955.6314,15818.28571,16004.63499,17288.29916,Anc271,SSPTIYDVARLAGVSHQTVSRVLNGHPNVRPATRERVQQAIEELNYRPNSAARALATRR,4.347920317,0.023418739,Anc835,Anc835
ADBD5,Clonal,E1,14306.14806,13292.92929,13685.23316,12655.08982,13195.734,13155.58344,13081.35169,14516,Anc271,SSPTIYDVARLAGVSHQTVSRVLNGHPNVRPATRERVQQAIEELNYRPNSAARALATRR,4.347920317,0.023418739,Anc835,Anc835
ADBD5,Clonal,E5,14000,11954.27196,11870.77295,11651.71192,12092.90954,11651.75333,12258.83838,13253.14861,Anc271,SSPTIYDVARLAGVSHQTVSRVLNGHPNVRPATRERVQQAIEELNYRPNSAARALATRR,4.347920317,0.023418739,Anc835,Anc835
ADBD5,Clonal,H12,14827.58621,13896.77419,13894.3299,13717.3913,12773.76655,13714.83871,14023.68421,13957.14286,Anc271,SSPTIYDVARLAGVSHQTVSRVLNGHPNVRPATRERVQQAIEELNYRPNSAARALATRR,4.347920317,0.023418739,Anc835,Anc835
ADBD1,RepressedSorted2,G7,10560.04489,10228.6036,12485.58247,14402.02703,18799.10714,22362.43094,24294.11765,27025.73529,Anc320,KPVTLNDVAEHAGVSYQTVSRVLNQAAHVSEKTREKVEQAMAELNYVPNRVAQQLAGKQ,4.276238202,0.165967333,Anc884,Anc884
ADBD1,RepressedSorted2,H11,12038.15029,11359.90888,14037.16609,16015.29412,20892.73356,25239.90773,26352.45902,30925.09363,Anc320,KPVTLNDVAEHAGVSYQTVSRVLNQAAHVSEKTREKVEQAMAELNYVPNRVAQQLAGKQ,4.276238202,0.165967333,Anc884,Anc884
ADBD4,Clonal,B9,22635.91022,21340.29484,24362.7451,26368.1592,30790,33875.30864,34133.33333,39019.76285,Anc626,KPVTLNDVAAYAGVSYQTVSRVLNQAPHVSDRTREKVEQAMAALHYIPNRVAQQLARRS,3.922381783,0.050097983,E0SHJ3,E0SHJ3
ADBD4,Clonal,D11,24567.02254,24591.41104,26572.6601,26982.47664,32633.45633,35335.73141,36179.61165,40387.43455,Anc626,KPVTLNDVAAYAGVSYQTVSRVLNQAPHVSDRTREKVEQAMAALHYIPNRVAQQLARRS,3.922381783,0.050097983,E0SHJ3,E0SHJ3
ADBD5,Clonal,D8,24931.12245,24347.94157,26126.31579,27051.81347,32072.07207,35096.94555,35839.78638,42466.37427,Anc626,KPVTLNDVAAYAGVSYQTVSRVLNQAPHVSDRTREKVEQAMAALHYIPNRVAQQLARRS,3.922381783,0.050097983,E0SHJ3,E0SHJ3
ADBD5,Clonal,E7,26055.62743,23924.05063,26159.23567,25779.8278,30281.0219,34304.89335,34340.79602,41290.05525,Anc626,KPVTLNDVAAYAGVSYQTVSRVLNQAPHVSDRTREKVEQAMAALHYIPNRVAQQLARRS,3.922381783,0.050097983,E0SHJ3,E0SHJ3
ADBD4,Clonal,A12,27013.05483,26319.06615,27295.18856,28303.84615,31943.12169,33311.36951,34758.02139,35755.89459,Anc1002,KNPTLDDVARQAGVSYQTVSRVLNGSAHVAEATRARVEDAIKTLNYVPNRMAQQLAGKR,3.400866913,0.040910935,W0HUK6,W0HUK6
ADBD5,Clonal,F10,24142.27642,22571.62347,22413.70224,22978.97503,25456.09436,26146.8254,26097.20373,29327.45962,Anc1002,KNPTLDDVARQAGVSYQTVSRVLNGSAHVAEATRARVEDAIKTLNYVPNRMAQQLAGKR,3.400866913,0.040910935,W0HUK6,W0HUK6
ADBD6,Missing,A2,10775.36232,12903.60046,15951.25,17493.82716,22057.57196,26291.1084,27704.77387,31883.28912,Anc632,KAITLYDVARHAGVSYQTVSRVINQAEHVSTRTREKVEQAMAQLHYVPNRVAQQLAGKP,3.25473255,0.13252607,A0A0J8VTB2,A0A0J8VTB2
ADBD6,Missing,A3,10583.45021,12791.51943,16243.34601,17501.24069,22075.96513,26528.39506,27804.51128,31879.67914,Anc632,KAITLYDVARHAGVSYQTVSRVINQAEHVSTRTREKVEQAMAQLHYVPNRVAQQLAGKP,3.25473255,0.13252607,A0A0J8VTB2,A0A0J8VTB2
ADBD6,Missing,A4,11563.03837,14949.36709,18767.06231,20013.11953,24911.55492,30142.65335,31839.36324,36293.66306,Anc632,KAITLYDVARHAGVSYQTVSRVINQAEHVSTRTREKVEQAMAQLHYVPNRVAQQLAGKP,3.25473255,0.13252607,A0A0J8VTB2,A0A0J8VTB2
ADBD6,Missing,A6,10512.99694,13403.46535,16050.82592,17208.59671,21547.40834,26778.47309,28117.04835,32540.46639,Anc632,KAITLYDVARHAGVSYQTVSRVINQAEHVSTRTREKVEQAMAQLHYVPNRVAQQLAGKP,3.25473255,0.13252607,A0A0J8VTB2,A0A0J8VTB2
ADBD6,Missing,A7,11190.90909,13062.72618,16211.39241,17393.93939,22182.63091,26662.59169,28251.58028,32746.95535,Anc632,KAITLYDVARHAGVSYQTVSRVINQAEHVSTRTREKVEQAMAQLHYVPNRVAQQLAGKP,3.25473255,0.13252607,A0A0J8VTB2,A0A0J8VTB2
ADBD6,Missing,A8,10705.78231,12980.88411,16048.62843,17733.08271,22686.54646,26685.64356,28351.14504,32468.37147,Anc632,KAITLYDVARHAGVSYQTVSRVINQAEHVSTRTREKVEQAMAQLHYVPNRVAQQLAGKP,3.25473255,0.13252607,A0A0J8VTB2,A0A0J8VTB2
ADBD6,Missing,A9,10618.75548,12848.69976,16091.47095,17740.83439,23243.16547,26828.00983,28162.90727,32031.53745,Anc632,KAITLYDVARHAGVSYQTVSRVINQAEHVSTRTREKVEQAMAQLHYVPNRVAQQLAGKP,3.25473255,0.13252607,A0A0J8VTB2,A0A0J8VTB2
ADBD6,Missing,A10,12681.67406,12047.24409,15284.83354,16539.70223,21786.88525,26170.39801,27832.25806,31328.04233,Anc632,KAITLYDVARHAGVSYQTVSRVINQAEHVSTRTREKVEQAMAQLHYVPNRVAQQLAGKP,3.25473255,0.13252607,A0A0J8VTB2,A0A0J8VTB2
ADBD6,Missing,A12,12813.34981,13284.64017,17822.86432,19667.51592,24815.621,29569.1358,30908.39695,34515.51957,Anc632,KAITLYDVARHAGVSYQTVSRVINQAEHVSTRTREKVEQAMAQLHYVPNRVAQQLAGKP,3.25473255,0.13252607,A0A0J8VTB2,A0A0J8VTB2
ADBD4,Clonal,A3,13939.28129,12907.17822,13041.35338,13019.75309,13013.39829,13416.45885,13777.34878,14789.33333,Anc287,SSPSIYDVARLAGVSHMTVSRVLNGHPNIRPSTRERVLQAIEELNYTPSSIARALATRR,2.772823523,0.005398041,Anc851,Anc851
ADBD4,Clonal,C11,13950.53004,12189.53488,12309.89273,12381.48148,12804.55635,12792.31693,12669.90291,14764.16337,Anc287,SSPSIYDVARLAGVSHMTVSRVLNGHPNIRPSTRERVLQAIEELNYTPSSIARALATRR,2.772823523,0.005398041,Anc851,Anc851
ADBD4,Clonal,C6,14067.05882,12276.31579,12299.63899,12571.78218,12480.23952,12677.88462,12766.58477,14504.57516,Anc287,SSPSIYDVARLAGVSHMTVSRVLNGHPNIRPSTRERVLQAIEELNYTPSSIARALATRR,2.772823523,0.005398041,Anc851,Anc851
ADBD5,Clonal,E2,14864.55696,12917.80822,12861.89889,12744.88568,12838.32335,13061.05006,12769.5122,15419.31034,Anc287,SSPSIYDVARLAGVSHMTVSRVLNGHPNIRPSTRERVLQAIEELNYTPSSIARALATRR,2.772823523,0.005398041,Anc851,Anc851
ADBD6,Missing,B5,30874.90748,27148.83149,28557.54476,28725.90738,31505.01253,35228.82427,35478.76448,39477.61194,Anc624,KPITLNDVAEYAGVSYQTVSRVLNQAPHVSSRTRTKVEEAMAALNYTPNRVAQQLAGKT,1.706574486,0.049611371,C6DD30,C6DD30
ADBD6,Missing,B6,27437.09677,27873.01587,28656.48855,28712.32877,32077.69424,35176.61692,36061.22449,39582.77254,Anc624,KPITLNDVAEYAGVSYQTVSRVLNQAPHVSSRTRTKVEEAMAALNYTPNRVAQQLAGKT,1.706574486,0.049611371,C6DD30,C6DD30
ADBD6,Missing,B7,27208.94239,27598.08612,28490.82007,28499.37578,31820.93317,33620.64826,35395.96469,39033.73819,Anc624,KPITLNDVAEYAGVSYQTVSRVLNQAPHVSSRTRTKVEEAMAALNYTPNRVAQQLAGKT,1.706574486,0.049611371,C6DD30,C6DD30
ADBD6,Missing,B8,26605.52093,26582.74232,28207.19603,28514.77833,31967.66169,35643.75,35608.86076,38651.82186,Anc624,KPITLNDVAEYAGVSYQTVSRVLNQAPHVSSRTRTKVEEAMAALNYTPNRVAQQLAGKT,1.706574486,0.049611371,C6DD30,C6DD30
ADBD6,Missing,B10,26405.36278,26718.34061,27730.76923,28622.22222,31843.82872,35037.17472,34621.89055,38234.27041,Anc624,KPITLNDVAEYAGVSYQTVSRVLNQAPHVSSRTRTKVEEAMAALNYTPNRVAQQLAGKT,1.706574486,0.049611371,C6DD30,C6DD30
ADBD6,Missing,D5,35918.30065,34797.57576,34221.66874,34579.07846,35810.11097,36957.44681,37454.77707,41490.51491,Anc312,KPVTLDDVARHAGVSYQTVSRVLNHSPHVSEKTREKVEQAIAELNYVPNRVAQQLAGKQ,1.593976384,0.628442506,Anc876,Anc876
ADBD6,Missing,D6,35326.60228,33928.48485,33940.07491,33859.64912,35257.90139,37235.22013,36548.30615,41099.31973,Anc312,KPVTLDDVARHAGVSYQTVSRVLNHSPHVSEKTREKVEQAIAELNYVPNRVAQQLAGKQ,1.593976384,0.628442506,Anc876,Anc876
ADBD6,Missing,D7,35629.15129,33912.67943,34592.73183,33534.65347,35642.85714,37158.22785,36792.92929,41309.87821,Anc312,KPVTLDDVARHAGVSYQTVSRVLNHSPHVSEKTREKVEQAIAELNYVPNRVAQQLAGKQ,1.593976384,0.628442506,Anc876,Anc876
ADBD6,Missing,D8,35613.91802,33890.05848,34216.85254,34913.75,35978.80299,36865.50436,37120.86514,40989.24731,Anc312,KPVTLDDVARHAGVSYQTVSRVLNHSPHVSEKTREKVEQAIAELNYVPNRVAQQLAGKQ,1.593976384,0.628442506,Anc876,Anc876
ADBD6,Missing,D9,34749.54628,34328.39225,34690.97651,35157.03518,36653.75,36946.97904,37522.12389,41105.19308,Anc312,KPVTLDDVARHAGVSYQTVSRVLNHSPHVSEKTREKVEQAIAELNYVPNRVAQQLAGKQ,1.593976384,0.628442506,Anc876,Anc876
ADBD4,Clonal,D9,10786.38498,9734.857143,9812.64637,9781.433608,10018.93491,9978.971963,9914.619883,10940.59406,Anc286,SSPSIYDVARLAGVSHMTVSRVLNGHPNIRPSTRERVLQAIEELNYRPNSAARALATRR,1.43933901,0.107127497,Anc850,Anc850
ADBD5,Clonal,C12,12687.16578,11275.1938,11580.93995,11509.70246,11339.30858,10968.82793,11635.27851,11732.97003,Anc286,SSPSIYDVARLAGVSHMTVSRVLNGHPNIRPSTRERVLQAIEELNYRPNSAARALATRR,1.43933901,0.107127497,Anc850,Anc850
ADBD5,Clonal,F5,10644.41748,9749.385749,9475.682088,9278.436019,9337.236534,9572.815534,10108.14249,10974.96706,Anc286,SSPSIYDVARLAGVSHMTVSRVLNGHPNIRPSTRERVLQAIEELNYRPNSAARALATRR,1.43933901,0.107127497,Anc850,Anc850
ADBD5,Clonal,G12,11800.25608,11329.2011,11732.21757,11429.33333,11981.76718,11827.63533,12306.18401,12310.59507,Anc286,SSPSIYDVARLAGVSHMTVSRVLNGHPNIRPSTRERVLQAIEELNYRPNSAARALATRR,1.43933901,0.107127497,Anc850,Anc850
ADBD4,Clonal,B4,18860.83744,17775.24038,21215.25215,23129.34132,28590,32888.35534,35198.26518,40262.31691,Anc326,KPATLDDVARHAGVSYQTVSRVLNNSAHVSEKTREKVEQAIAELNYVPNRVAQQLAGKQ,1.109918878,0.014463552,Anc890,Anc890
ADBD6,Missing,C1,12531.21099,11144.17532,12941.17647,14237.0744,22860.43534,30205.72917,33905.61224,37938.01653,Anc326,KPATLDDVARHAGVSYQTVSRVLNNSAHVSEKTREKVEQAIAELNYVPNRVAQQLAGKQ,1.109918878,0.014463552,Anc890,Anc890
ADBD6,Missing,C2,14566.07253,17484.17351,21622.78481,23057.28518,27539.82301,32401.52478,32584.76658,37620.92391,Anc326,KPATLDDVARHAGVSYQTVSRVLNNSAHVSEKTREKVEQAIAELNYVPNRVAQQLAGKQ,1.109918878,0.014463552,Anc890,Anc890
ADBD6,Missing,C3,14541.87192,17628.50467,21881.67939,23057.64411,27536.49168,32349.55186,33481.86528,38150.55249,Anc326,KPATLDDVARHAGVSYQTVSRVLNNSAHVSEKTREKVEQAIAELNYVPNRVAQQLAGKQ,1.109918878,0.014463552,Anc890,Anc890
ADBD6,Missing,C4,14154.45026,17397.42087,22448.32041,23175.28373,27716.12903,32610.61947,33639.59391,37870.16575,Anc326,KPATLDDVARHAGVSYQTVSRVLNNSAHVSEKTREKVEQAIAELNYVPNRVAQQLAGKQ,1.109918878,0.014463552,Anc890,Anc890
ADBD6,Missing,C5,12636.09685,17862.31884,21438.83985,22831.65829,27145.03817,32521.6285,33718.30986,37895.68846,Anc326,KPATLDDVARHAGVSYQTVSRVLNNSAHVSEKTREKVEQAIAELNYVPNRVAQQLAGKQ,1.109918878,0.014463552,Anc890,Anc890
ADBD6,Missing,C6,11832.82443,17342.7896,21420.05076,22695.26248,26373.41772,32096.00998,33386.30491,37393.98085,Anc326,KPATLDDVARHAGVSYQTVSRVLNNSAHVSEKTREKVEQAIAELNYVPNRVAQQLAGKQ,1.109918878,0.014463552,Anc890,Anc890
ADBD6,Missing,C7,12135.35685,17399.76415,21398.25218,22290.68323,26518.10237,31852.45902,33234.17722,37411.84388,Anc326,KPATLDDVARHAGVSYQTVSRVLNNSAHVSEKTREKVEQAIAELNYVPNRVAQQLAGKQ,1.109918878,0.014463552,Anc890,Anc890
ADBD6,Missing,C9,12081.23477,17124.42396,21281.86275,22911.13892,26649.38272,30959.6577,33103.01508,37174.79675,Anc326,KPATLDDVARHAGVSYQTVSRVLNNSAHVSEKTREKVEQAIAELNYVPNRVAQQLAGKQ,1.109918878,0.014463552,Anc890,Anc890
ADBD6,Missing,C10,14264.22764,19121.01911,24143.0575,25363.12057,30497.13467,36615.49708,37938.50659,41401.51515,Anc326,KPATLDDVARHAGVSYQTVSRVLNNSAHVSEKTREKVEQAIAELNYVPNRVAQQLAGKQ,1.109918878,0.014463552,Anc890,Anc890
ADBD6,Missing,C11,14964.7133,18722.56473,23457.53425,25530.98592,30137.44741,34819.31034,37065.24823,41407.18563,Anc326,KPATLDDVARHAGVSYQTVSRVLNNSAHVSEKTREKVEQAIAELNYVPNRVAQQLAGKQ,1.109918878,0.014463552,Anc890,Anc890
ADBD6,Missing,C12,13782.65964,17814.07563,23058.89423,25661.29032,29094.47853,34422.41379,35719.25466,38976.12732,Anc326,KPATLDDVARHAGVSYQTVSRVLNNSAHVSEKTREKVEQAIAELNYVPNRVAQQLAGKQ,1.109918878,0.014463552,Anc890,Anc890
ADBD4,Clonal,C7,43887.53056,38502.46305,39355.82822,39277.36318,38901.23457,39178.26618,38879.60688,45186.07764,Anc328,KPATLDDVARQAGVSYQTVSRVLNNSAHVSEKTREKVEQAIATLNYVPNRVAQQLAGKQ,0.975760794,0.264474536,Anc892,Anc892
ADBD5,Clonal,A2,46531.08108,38836.99871,39050.37783,39617.53494,39868.78981,39348.3871,39354.83871,46803.67232,Anc328,KPATLDDVARQAGVSYQTVSRVLNNSAHVSEKTREKVEQAIATLNYVPNRVAQQLAGKQ,0.975760794,0.264474536,Anc892,Anc892
ADBD5,Clonal,C1,47933.77483,44833.98693,44984.12698,44063.85696,45465.1774,45495.37649,46313.43284,49771.55172,Anc328,KPATLDDVARQAGVSYQTVSRVLNNSAHVSEKTREKVEQAIATLNYVPNRVAQQLAGKQ,0.975760794,0.264474536,Anc892,Anc892
ADBD5,Clonal,C2,44300.63694,39538.56041,39935.03185,38909.77444,40061.38107,40977.71953,37486.69202,48340.11628,Anc328,KPATLDDVARQAGVSYQTVSRVLNNSAHVSEKTREKVEQAIATLNYVPNRVAQQLAGKQ,0.975760794,0.264474536,Anc892,Anc892
ADBD5,Clonal,C11,44969.61691,41457.60431,39967.40548,40717.50663,38808.42912,40482.02397,41415.65452,46488.57143,Anc328,KPATLDDVARQAGVSYQTVSRVLNNSAHVSEKTREKVEQAIATLNYVPNRVAQQLAGKQ,0.975760794,0.264474536,Anc892,Anc892
ADBD5,Clonal,E8,43892.30769,38025.0941,38457.86164,37680.9816,39078.28283,38490.02494,40051.88067,46047.15673,Anc328,KPATLDDVARQAGVSYQTVSRVLNNSAHVSEKTREKVEQAIATLNYVPNRVAQQLAGKQ,0.975760794,0.264474536,Anc892,Anc892
ADBD5,Clonal,E9,41735.7513,37685.30559,36062.57822,36788.33967,35824.39024,37645.69961,37697.12794,42378.34037,Anc328,KPATLDDVARQAGVSYQTVSRVLNNSAHVSEKTREKVEQAIATLNYVPNRVAQQLAGKQ,0.975760794,0.264474536,Anc892,Anc892
ADBD5,Clonal,E10,43867.07317,39345.58824,38498.18182,38389.62606,38598.57482,39679.40814,39225.12438,45353.8874,Anc328,KPATLDDVARQAGVSYQTVSRVLNNSAHVSEKTREKVEQAIATLNYVPNRVAQQLAGKQ,0.975760794,0.264474536,Anc892,Anc892
ADBD5,Clonal,F6,43275.4717,38957.2327,39721.93211,37570.89084,37871.8593,39430.37975,41200.2635,46390.99859,Anc328,KPATLDDVARQAGVSYQTVSRVLNNSAHVSEKTREKVEQAIATLNYVPNRVAQQLAGKQ,0.975760794,0.264474536,Anc892,Anc892
ADBD5,Clonal,G7,43130.54499,39247.14829,38186.7995,38191.62437,40658.17091,40652.63158,40741.84783,51474.06082,Anc328,KPATLDDVARQAGVSYQTVSRVLNNSAHVSEKTREKVEQAIATLNYVPNRVAQQLAGKQ,0.975760794,0.264474536,Anc892,Anc892
ADBD5,Clonal,G8,43630.71066,39884.16988,39423.57513,39355.86735,41571.42857,40765.64581,41948.01642,48642.63323,Anc328,KPATLDDVARQAGVSYQTVSRVLNNSAHVSEKTREKVEQAIATLNYVPNRVAQQLAGKQ,0.975760794,0.264474536,Anc892,Anc892
ADBD5,Clonal,H7,44633.98693,40135.95934,39640.44944,38163.29114,38273.51485,41276.34961,41161.20577,47634.04255,Anc328,KPATLDDVARQAGVSYQTVSRVLNNSAHVSEKTREKVEQAIATLNYVPNRVAQQLAGKQ,0.975760794,0.264474536,Anc892,Anc892
ADBD4,Clonal,A11,45094.5083,43923.60164,42368.6934,41601.01652,42694.40832,41684.27835,42047.68041,46174.51524,Anc311,KPVTLDDVARHAGVSYQTVSRVLNNSPHVSEKTREKVEQAIAELNYVPNRVAQQLAGKQ,0.610139113,0.235651002,Anc875,Anc875
ADBD4,Clonal,D10,43928.22967,40741.39976,40072.76995,40574.44314,40956.09756,39922.35294,40059.46602,44344.91634,Anc311,KPVTLDDVARHAGVSYQTVSRVLNNSPHVSEKTREKVEQAIAELNYVPNRVAQQLAGKQ,0.610139113,0.235651002,Anc875,Anc875
ADBD5,Clonal,D1,47699.22879,44429.69777,44602.09424,45379.49401,43793.54839,45978.60963,46277.02703,53378.08642,Anc311,KPVTLDDVARHAGVSYQTVSRVLNNSPHVSEKTREKVEQAIAELNYVPNRVAQQLAGKQ,0.610139113,0.235651002,Anc875,Anc875
ADBD5,Clonal,D3,45534.37095,38620.38217,38702.66836,37743.20988,41182.6793,39889.18206,38881.59588,47650,Anc311,KPVTLDDVARHAGVSYQTVSRVLNNSPHVSEKTREKVEQAIAELNYVPNRVAQQLAGKQ,0.610139113,0.235651002,Anc875,Anc875
ADBD5,Clonal,G1,48250.32258,44985.96939,44037.64115,45253.90625,48782.0711,46930.80054,50996.62732,50502.23547,Anc311,KPVTLDDVARHAGVSYQTVSRVLNNSPHVSEKTREKVEQAIAELNYVPNRVAQQLAGKQ,0.610139113,0.235651002,Anc875,Anc875
ADBD5,Clonal,H9,46555.55556,41796.58793,43090.54054,40900.13141,41841.62304,42316.71159,41604.05405,47573.09942,Anc311,KPVTLDDVARHAGVSYQTVSRVLNNSPHVSEKTREKVEQAIAELNYVPNRVAQQLAGKQ,0.610139113,0.235651002,Anc875,Anc875
ADBD4,Clonal,B2,41145.80802,36121.35922,36314.11043,36667.47573,38692.68897,38949.8164,39027.19407,44276.5685,Anc313/Anc314,KPVTLDDVARHAGVSYQTVSRVLNHSPHVSEKTREKVEQAMAELNYVPNRVAQQLAGKQ,-0.666519595,0.032504383,Anc877/Anc878,Anc877_Anc878
ADBD5,Clonal,C6,42374.50723,37928.57143,37599.73753,35992.4812,37000,39743.79085,40219.0352,46348.5064,Anc313/Anc314,KPVTLDDVARHAGVSYQTVSRVLNHSPHVSEKTREKVEQAMAELNYVPNRVAQQLAGKQ,-0.666519595,0.032504383,Anc877/Anc878,Anc877_Anc878
ADBD5,Clonal,E11,41694.76373,37800.76142,37028.78598,37396.50873,39702.90771,38515.48947,39024.02023,45419.75309,Anc313/Anc314,KPVTLDDVARHAGVSYQTVSRVLNHSPHVSEKTREKVEQAMAELNYVPNRVAQQLAGKQ,-0.666519595,0.032504383,Anc877/Anc878,Anc877_Anc878
ADBD4,Clonal,B8,41119.01306,36743.51585,37464.23358,37461.64773,40075.18797,40140.35088,40477.94118,48039.0625,Anc627,SVTLNDVADYAGVSYQTVSRVLNRAEHVSGKTRAKVEQAMAALNYVPNRVAQQLAGKQS,-3.350642295,2.175746703,A0A087KYI5,A0A087KYI5
ADBD5,Clonal,D4,38468.91192,33305.6266,34466.15581,34962.86812,37474.96791,38170.07673,38489.71722,48571.86544,Anc642,RSVTLDDVAALAGVSYQTVSRVLNHSVQVSPRTRAKVEAAMQQLNYVPNRVAQQLAGKA,-3.352296273,1.083493889,A0A0F3M1C7,A0A0F3M1C7
ADBD3,Presorted,H2,46519.84877,45439.60149,44848.8665,43761.23077,44647.64268,45001.25707,44780.68536,44440.68838,Anc262,DSPVMADVARLAGVSHQTVSRVINGSPSIRPETRRRVEQAIERLGYRPNTAARALVRGR,-4.186792429,1.1816742,Anc826,Anc826
ADBD3,Presorted,B9,46186.04651,47235.51171,45367.67428,44804.46927,45591.84953,45635.90709,45479.94987,46451.43213,Anc171,TSPSMADVARHAGVSSQTVSRVANGLSNVDPATRDRVLASMRELGYRPNRAARALRSGR,-4.294803401,0.373780981,Anc733,Anc733
ADBD3,Presorted,A3,45757.17853,46729.46263,42946.09665,45599.49463,44350.21618,44873.52759,43860.34913,46162.92135,Anc1118,__ATIYDVSVLAGVSLATVSRVMNKNTKVSEKTEKKVLDAMEELGYRPNSIAQSLASNR,-4.625173245,0.275830054,A0A1S6HTM8,A0A1S6HTM8
ADBD3,Presorted,H7,44733.95639,44793.71921,47729.46263,46703.2967,47602.45399,45136.39221,47962.80488,45194.13233,Anc508,RAATIKDVAKHAGVSVATVSRVLNGSPKVSEATREAVQKAMEELGYRPNANARTLASKS,-4.694303609,0.421051798,Anc1089,Anc1089
ADBD3,Presorted,E8,46716.81416,45236.10244,45134.49564,44769.9115,44722.95184,44646.76617,43799.00744,46580.625,Anc841,_SPGSVDVARRAGVSQKTVSRVMNGEQYVSAEVRERVLEAARELGYRRNTAARALNLGR,-4.756187552,0.190936414,A0A1H6ESK2,A0A1H6ESK2
ADBD3,Presorted,F2,48153.01587,48190.50593,47909.43161,47259.76441,46506.82382,44860.85343,47386.30653,46973.48952,Anc393,KKVTIYDIAKKAGYSISTVSKVLNNSPDVSEKTKKKILEAIEELGYLPNSSARTLTTKK,-4.838495138,0.698144901,Anc966,Anc966
ADBD5,Clonal,A3,38853.97653,34269.18075,34131.18812,35071.05943,36022.98851,36068.65285,36439.79058,42374.29379,Anc628,KPVTLEDVARHAGVSYQTVSRVLNQAAQVAEKTRIRVEAAMNELNYVPNRMAQQLAGKQ,-4.842674252,0.384173882,I0QQ91,I0QQ91
ADBD5,Clonal,H3,39127.93734,35790.15544,35551.28205,36363.40206,36065.40881,36565.9411,36987.12999,43098.59155,Anc628,KPVTLEDVARHAGVSYQTVSRVLNQAAQVAEKTRIRVEAAMNELNYVPNRMAQQLAGKQ,-4.842674252,0.384173882,I0QQ91,I0QQ91
ADBD4,Clonal,B6,36540.17305,33479.94987,35598.99117,35580.99878,38237.16381,39418.80342,39354.91905,45254.66667,Anc643,KSATLDDVALQAGVSYQTVSRVLNHAPHVSPKTRNKVELAMAELNYVPNRVAQQLAGKH,-4.891593133,0.855590544,A0A0U1HS86,A0A0U1HS86
ADBD4,Clonal,D5,36043.1566,34703.2967,36086.2069,36596.57702,38817.29598,40478.47478,40171.53285,45485.98131,Anc643,KSATLDDVALQAGVSYQTVSRVLNHAPHVSPKTRNKVELAMAELNYVPNRVAQQLAGKH,-4.891593133,0.855590544,A0A0U1HS86,A0A0U1HS86
ADBD5,Clonal,F1,38737.04663,36945.52529,38708.17121,38984.65473,43364.47368,44564.47368,45506.61376,49300,Anc643,KSATLDDVALQAGVSYQTVSRVLNHAPHVSPKTRNKVELAMAELNYVPNRVAQQLAGKH,-4.891593133,0.855590544,A0A0U1HS86,A0A0U1HS86
ADBD5,Clonal,F2,38082.22812,32508.88325,33565.65657,33987.68473,38359.69388,38552.20126,39777.05346,45502.08623,Anc643,KSATLDDVALQAGVSYQTVSRVLNHAPHVSPKTRNKVELAMAELNYVPNRVAQQLAGKH,-4.891593133,0.855590544,A0A0U1HS86,A0A0U1HS86
ADBD5,Clonal,F4,36039.6927,31718.23899,34690.81501,32893.71981,36285.71429,39073.97959,39784.5953,44691.13573,Anc643,KSATLDDVALQAGVSYQTVSRVLNHAPHVSPKTRNKVELAMAELNYVPNRVAQQLAGKH,-4.891593133,0.855590544,A0A0U1HS86,A0A0U1HS86
ADBD3,Presorted,B3,45393.35006,43377.24181,44596.50219,45790.88639,45592.8878,44470.7731,45179.23362,46202.96114,Anc690,_____ADVARLAGVSKQTVSRVINGSPALRPATRLRVEAAIERLGYRPNVAARALVRGR,-4.909840318,0.172007144,A0A1H9D0Q5,A0A1H9D0Q5
ADBD3,Presorted,B10,46753.62319,45522.74143,45848.74464,46779.01235,46977.91411,44893.49845,44022.68547,46475.33909,Anc594,STVTLAQVARAAGVSASTVSRILNGTAKVSAEKREAVERTLAQLNYQPNVLARSLASGK,-4.981972374,0.069283075,A0A1W1UHL0,A0A1W1UHL0
ADBD3,Presorted,F5,45155.95162,45207.8407,45323.21316,45091.58879,44944.61926,44317.66917,44255.91532,46639.11672,Anc652,GGVGVRDVATLAGVSRQTVSRVLNNNPDVAEATKARVVRAMEELGYRMNNAARALGTRR,-5.098715018,0.257380822,A0A1R1IAY1,A0A1R1IAY1
ADBD3,Presorted,E5,46858.67508,46306.34024,45074.07407,46383.16583,44343.71108,45167.39538,45079.77387,45659.40224,Anc786,SSPSVYDVARQAGVSHMTVSRVLNDQPNIRDATRDRVLNAIEELNYTRNNIAHALATRT,-5.321798245,1.566086298,A0A1G6IZU0,A0A1G6IZU0
ADBD3,Presorted,H4,45392.74547,44270.53737,44118.82427,45537.98257,45276.875,43542.20579,44415.27002,44558.11063,Anc777,TPPSIRDVAAFAGVSIKTVSRVVNNAPNVSRDLRDRVAAAIKALDYRPNQAARRLAGGR,-5.329508031,0.313112727,T0HF28,T0HF28
ADBD3,Presorted,H5,45816.91919,45381.39825,45998.73578,45471.28589,45927.71842,45184.62508,45840.95178,46611.00688,Anc172,ASPSMADVARHAGVSMQTVSRVARGLDNVDPATRDRVQAAMRELGYRPNRAARALRSGR,-5.526208373,0.912840128,Anc734,Anc734
ADBD3,Presorted,A6,47620.53851,46509.35162,44969.19285,45748.91507,46518.95587,46767.20901,45797.13752,48256.47505,Anc230,SSPRMVDVARLAGVSQQTVSRVVNGAPNVSPEIRERVEQAIEQLRYRRNTAAAALASSR,-5.528039986,0.269264622,Anc794,Anc794
ADBD3,Presorted,F9,47469.30946,45618.80878,45777.28707,45268.93939,45920.29888,46572.0579,45273.69077,47201.84089,Anc659,DKAVMVDVAKLAGVSYQTVSRVLHDSPHVRRDTRERVLDAIRQLDYRPSSVAQALVTGR,-5.596300349,0.26348692,A9GMR9,A9GMR9
ADBD3,Presorted,C2,46496.51237,44568.21026,45437.42255,44603.35196,45453.31695,45609.44206,44227.58194,45595.45734,Anc1026,__PKMSDVARLAGVSTATVSRVLRNPDAVKTGTKEKVLEAIHQLNYQPNMLARHFRRTE,-5.711979084,2.085257428,A0A024P3Y2,A0A024P3Y2
ADBD3,Presorted,H12,47764.33522,47131.7734,46213.2672,47649.68553,47417.70574,47622.80702,45728.16728,46826.97044,Anc1032,_KATIYDVAREAGVSIATVSKVINAKGKISQERRREIHAIMERLHYQPSVIASALTGKH,-5.728108626,0.502630359,A0A1B8VXY1,A0A1B8VXY1
ADBD3,Presorted,H6,47198.47328,46418.28428,48012.01771,45896.55172,46733.54232,45712.29404,45358.4788,45942.16418,Anc115/Anc116/Anc118,DSPNIRDVARLAGVSYQTVSRVLNDSPSIRPETRERVLAVIEELGYRPNQAARALVTSR,-5.771753407,0.916617226,Anc667/Anc668/Anc670,Anc667_Anc668_Anc670
ADBD3,Presorted,D5,47240.61108,46823.45602,44908.0174,46017.35896,47048.06492,46028.4126,46045.87725,47929.23077,Anc302,ESATIYDVARMAGVSHQTVSRFLKGYQGIRPATRERVTEALDELDYRPNLTARSLKSGR,-5.840784781,0.628303113,Anc866,Anc866
ADBD2,RepressedSorted2,F4,40976.05473,37644.16476,38078.94737,37826.98962,38232.63889,37151.17581,38143.50797,41097.44214,Anc945,__VGIKDVAEAAGLSVATVSRALNGNPSVSDAARERVLAAADALGYRPNVVARSLRTHR,-5.904670312,0.963413643,J7LHG4,J7LHG4
ADBD3,Presorted,F4,43122.69549,43765.40137,43512.16469,42744.7466,43184.72135,41659.30018,43111.80512,42820.21079,Anc425,RIVTLEDVARAAGVSPSTVSRILNGTAKVSPDKRQAVEQAIAQLNYRPNVLARGLASGR,-5.988181619,0.080597226,Anc1002,Anc1002
ADBD3,Presorted,A2,46616.77019,46716.11722,43290.46154,46717.77222,44972.75542,46059.83961,46186.91589,48166.35973,Anc988,_KLTTIYDVAKKTGFSITTVSRALNNYPDVNEKTKKKILEAVEEMGYFPNSIARSLTTK,-5.994837267,0.831653365,E6TZA5,E6TZA5
ADBD3,Presorted,F10,45748.57143,45756.4506,45692.73743,44853.79395,45109.45274,45644.33312,45355.08156,44542.05607,Anc140,ASPSMADVARLAGVSSQTVSRVANGSPNVDPATRERVLAAMRQLGYRPNSAARALRTGR,-6.253421967,1.310939109,Anc702,Anc702
ADBD3,Presorted,B8,47362.96296,45816.73307,45523.20108,46483.10139,45493.07844,44804.7138,45029.41176,47863.20755,Anc1066,__ANIKDVAKEAGVSVATVSRVVNKSPKASQASIASVTAAMKKLGYRPNAAARALVSQN,-6.463396996,1.012841355,A0A0C2NRH7,A0A0C2NRH7
ADBD3,Presorted,B4,45128.50905,44549.0438,44124.21973,44522.19482,45214.6402,44189.48655,45071.73779,45460.40516,Anc1036,_KATIYDVAREAGVSIAAVSQVMNGKGKISEERRTEILKVMEKLNYQPSVIASALTGKK,-6.517571113,0.995764044,A0A0Q9N1Z9,A0A0Q9N1Z9
ADBD3,Presorted,G11,46146.00378,45873.50535,44275.94779,44975.33909,45984.88665,45693.27467,45447.15447,45163.56877,Anc1149,__ATIKDVCKAAGVSKATVSRVLNGSEFVKEQTRQSVLEAMKSLGYQPNAFARALATNS,-6.621211385,0.714966156,A0A0C3E806,A0A0C3E806
ADBD3,Presorted,E7,47934.34343,47794.2102,46508.33848,47524.05063,46683.15592,47553.1386,45816.0348,46840.83899,Anc354,DKVSIFDVAKKSGLSVVTVSRVLNHSPSVREKNREKVLQVMKELDYQPNAAARSLARGK,-7.182610514,1.215424207,Anc920,Anc920
ADBD3,Presorted,F6,47008.96861,47232.02001,46409.76514,46682.49075,45796.41089,47009.96885,47506.79852,49222.70204,Anc1130,__ITIKEVAELAKVSQSTVSRALNGHETVKEKNRIKVFDAIEKLGYQPNAFAQALASNR,-7.657704581,3.26411762,A0A1I5KA31,A0A1I5KA31
ADBD3,Presorted,F7,45379.26594,45069.28839,46057.55851,45205.12821,45278.58497,45055.4855,45025,45689.58991,Anc1019,__VRIADVARMANVSTATVSRVISNAGTVKKETAEKVLEAIKKLNYQPNMLARQLRRSE,-8.14121153,0.800713742,A0A1M9GF56,A0A1M9GF56
ADBD1,Reporter,A1,41867.41573,40359.23423,40324.35466,39571.58837,39789.29766,40025.95937,40118.31627,41411.19221,Reporter,NA,-1.5,NA,Reporter,Reporter
ADBD1,Reporter,B1,42046.89204,40571.5847,41087.62322,40191.19227,39291.44667,39234.64912,39354.25532,42016.50943,Reporter,NA,-1.5,NA,Reporter,Reporter
ADBD1,Reporter,C1,42095.61305,40480.79034,40206.20843,40513.10044,40663.73626,40598.66962,40137.70492,42424.17062,Reporter,NA,-1.5,NA,Reporter,Reporter
ADBD1,Reporter,D1,41441.11111,40121.84413,40247.52475,40185.31469,39868.13187,39424.41209,39433.81535,41046.94836,Reporter,NA,-1.5,NA,Reporter,Reporter
ADBD1,Reporter,E1,41212.62458,39372.11855,39540.21739,38985.02674,38883.11688,39455.3473,39773.02632,41060.28369,Reporter,NA,-1.5,NA,Reporter,Reporter
ADBD1,Reporter,F1,41349.27697,39524.07002,39619.2053,39005.42299,39331.51581,39295.85153,39457.45856,40468.75,Reporter,NA,-1.5,NA,Reporter,Reporter
ADBD1,Reporter,G1,41386.51685,39057.08013,39536.10503,39639.09774,39908.30636,39287.44493,39330.82707,40545.24362,Reporter,NA,-1.5,NA,Reporter,Reporter
ADBD1,Reporter,H1,41126.09649,39665.93407,39763.87378,39466.45022,39170.30568,39662.99559,39943.31066,41477.94994,Reporter,NA,-1.5,NA,Reporter,Reporter
ADBD2,Reporter,A1,41532.87982,39937.15546,39970.26432,40236.50108,40216.53972,40119.30586,40044.42037,41905.26316,Reporter,NA,-1.5,NA,Reporter,Reporter
ADBD2,Reporter,B1,41030.837,38922.48062,40000,39061.55508,38868.94273,38979.43723,39065.07592,40572.12714,Reporter,NA,-1.5,NA,Reporter,Reporter
ADBD2,Reporter,C1,41301.21816,39583.9822,39631.75303,39961.74863,39599.56474,39299.45355,39699.01854,41335.29412,Reporter,NA,-1.5,NA,Reporter,Reporter
ADBD2,Reporter,D1,41475.55556,40314.56954,39973.18436,38903.99137,39051.31004,39060.53812,39374.58564,41009.53516,Reporter,NA,-1.5,NA,Reporter,Reporter
ADBD2,Reporter,E1,41625,39788.1449,39787.81284,40274.00216,39669.56522,39894.73684,39724.8104,41440.59977,Reporter,NA,-1.5,NA,Reporter,Reporter
ADBD2,Reporter,F1,41361.23348,39654.86726,39721.23894,39876.63755,39664.86486,39681.86754,40207.52688,41441.58879,Reporter,NA,-1.5,NA,Reporter,Reporter
ADBD2,Reporter,G1,41012.10121,39245.61404,39444.20368,38719.7861,38834.42266,38632.56326,39132.96703,40339.53488,Reporter,NA,-1.5,NA,Reporter,Reporter
ADBD2,Reporter,H1,41240.30172,39254.62459,39410.98901,38756.95931,39098.25328,38816.39344,39304.87805,40474.9709,Reporter,NA,-1.5,NA,Reporter,Reporter
