,node,lib_id,Enrichment,Norm_enrichment,Log_enrichment,Functional
0,1,920,0.0,0.0001,-13.287712379549449,False
1,2,927,0.020562815,0.020662815,-5.596819376525793,False
2,3,942,0.017711331,0.017811331,-5.8110608600083795,False
3,4,634,0.012335929,0.012435929,-6.329341904686254,False
4,5,778,0.004072921,0.0041729210000000004,-7.904726676303066,False
5,6,777,0.020330888,0.020430887999999998,-5.613104279616702,False
6,7,836,0.016373142,0.016473142,-5.923740436441134,False
7,8,1018,0.040009557,0.040109557000000004,-4.639910157739294,False
8,9,636,0.040932854,0.041032854,-4.607076686812843,False
9,10,964,0.0,0.0001,-13.287712379549449,False
10,11,973,0.003898367,0.003998367,-7.966373385170855,False
11,12,971,0.017099887,0.017199887,-5.8614571030493945,False
12,13,974,0.0,0.0001,-13.287712379549449,False
13,14,975,0.029737544,0.029837544,-5.066727400992684,False
14,15,965,0.00909619,0.00919619,-6.764748011165143,False
15,16,978,0.0,0.0001,-13.287712379549449,False
16,17,966,0.0,0.0001,-13.287712379549449,False
17,18,967,0.0,0.0001,-13.287712379549449,False
18,19,970,0.011228464,0.011328464,-6.46390392701045,False
19,20,972,0.013106579,0.013206579,-6.242599386998797,False
20,21,968,0.025240098,0.025340098,-5.302434085823208,False
21,22,976,0.0,0.0001,-13.287712379549449,False
22,23,969,0.0,0.0001,-13.287712379549449,False
23,24,981,0.0,0.0001,-13.287712379549449,False
24,25,977,0.006456286,0.006556286000000001,-7.252905495236604,False
25,26,979,0.021172166,0.021272166,-5.554889249171924,False
26,27,980,0.014114777,0.014214777,-6.136464723437277,False
27,28,922,0.0,0.0001,-13.287712379549449,False
28,29,744,0.031301595,0.031401595000000004,-4.993018349124425,False
29,30,921,0.02728857,0.02738857,-5.190282247125562,False
30,31,963,0.0,0.0001,-13.287712379549449,False
31,32,960,0.031198822,0.031298822000000004,-4.997747830595741,False
32,33,962,0.00909619,0.00919619,-6.764748011165143,False
33,34,961,0.002026379,0.002126379,-8.87738552284049,False
34,35,937,0.02489833,0.02499833,-5.322024470135063,False
35,36,940,0.007935287,0.008035286999999999,-6.959434730446574,False
36,37,939,0.012791517,0.012891517,-6.277434147983394,False
37,38,811,0.024902117,0.025002117,-5.321805932643576,False
38,39,946,0.027517885,0.027617885,-5.178253348703164,False
39,40,720,0.017483883,0.017583882999999998,-5.829602497776749,False
40,41,858,0.03379777,0.03389777,-4.882665822482799,False
41,42,938,0.0,0.0001,-13.287712379549449,False
42,43,1043,0.039934492,0.040034492000000005,-4.642612689898919,False
43,44,1045,0.0,0.0001,-13.287712379549449,False
44,45,621,0.032127531,0.032227531000000004,-4.955562524197561,False
45,46,622,0.0,0.0001,-13.287712379549449,False
46,47,623,0.010691417,0.010791417,-6.5339718750275155,False
47,48,751,0.0,0.0001,-13.287712379549449,False
48,49,699,0.040932854,0.041032854,-4.607076686812843,False
49,50,1019,0.001392274,0.001492274,-9.388271828058121,False
50,51,1022,0.01975312,0.01985312,-5.65449043909076,False
51,52,1020,0.0,0.0001,-13.287712379549449,False
52,53,1021,0.011968671,0.012068671,-6.372589374267883,False
53,54,1023,0.006879471,0.006979471,-7.162666591292809,False
54,55,1026,0.052014124,0.052114124000000005,-4.262181764233211,False
55,56,1017,0.022536066,0.022636066,-5.465232940767918,False
56,57,1025,0.005345709,0.005445709,-7.520664392892512,False
57,58,1042,0.002109941,0.002209941,-8.821776430947478,False
58,59,791,0.007442337,0.0075423370000000005,-7.0507726715244745,False
59,60,945,0.009409852,0.009509852,-6.716361395787344,False
60,61,1028,0.010233214,0.010333213999999999,-6.596567135893366,False
61,62,781,0.004176822,0.0042768220000000004,-7.8692451207167595,False
62,63,1024,0.0,0.0001,-13.287712379549449,False
63,64,1044,0.0,0.0001,-13.287712379549449,False
64,65,1052,0.0,0.0001,-13.287712379549449,False
65,66,1051,0.028825954,0.028925954,-5.111491648475752,False
66,67,1057,0.007510615,0.007610615,-7.037771244652012,False
67,68,1055,0.029399288,0.029499288,-5.083176056021105,False
68,69,1054,0.022791122,0.022891122,-5.449068011976576,False
69,70,1039,0.0,0.0001,-13.287712379549449,False
70,71,1040,0.008599339,0.008699338999999999,-6.844878499522619,False
71,72,1041,0.004498116,0.004598116,-7.764741422235015,False
72,73,1027,0.017295572,0.017395571999999998,-5.845136071438031,False
73,74,1035,0.003879891,0.003979891,-7.973055365429054,False
74,75,1031,0.019038537,0.019138537,-5.7073756391313015,False
75,76,1036,0.016781741,0.016881741,-5.888392494109644,False
76,77,1032,0.013746108,0.013846108,-6.1743756834049925,False
77,78,1033,0.047795848,0.047895848000000005,-4.383955592882917,False
78,79,1037,0.005685119,0.005785119,-7.433437648761627,False
79,80,1038,0.018605843,0.018705843,-5.740367205734982,False
80,81,1030,0.0,0.0001,-13.287712379549449,False
81,82,1029,0.002542413,0.0026424129999999997,-8.563928312215825,False
82,83,1056,0.012530466,0.012630466,-6.306948321552921,False
83,84,941,0.008319686,0.008419686,-6.8920178535901115,False
84,85,943,0.012579837,0.012679837,-6.301319990102069,False
85,86,1152,0.011899086,0.011999085999999999,-6.380931673398222,False
86,87,1053,0.01998117,0.02008117,-5.63801286152071,False
87,88,959,0.035593786,0.035693786000000005,-4.808183255220567,False
88,89,1034,0.026778503,0.026878502999999998,-5.2174034004161545,False
89,90,982,0.011370237,0.011470237,-6.445960988901172,False
90,91,983,0.023390203,0.023490202999999998,-5.411797008743567,False
91,92,985,0.04304447,0.043144470000000004,-4.534680534538444,False
92,93,984,0.007556835,0.007656835,-7.029036116192452,False
93,94,986,0.016854705,0.016954705,-5.882170507076941,False
94,95,994,0.008656495,0.008756495,-6.835430773055511,False
95,96,992,0.017626588,0.017726587999999998,-5.817941315646768,False
96,97,993,0.02346909,0.02356909,-5.4069601324098695,False
97,98,995,0.008468866,0.008568866,-6.866679993326229,False
98,99,996,0.027769915,0.027869915,-5.165147587378409,False
99,100,990,0.002169586,0.0022695859999999997,-8.78335512821144,False
100,101,989,0.035886338,0.035986338,-4.796406889902734,False
101,102,991,0.020534877,0.020634877,-5.598771350994541,False
102,103,987,0.007871703,0.007971703,-6.970896323658341,False
103,104,988,0.009431533,0.009531533,-6.713076016630423,False
104,105,1150,0.0,0.0001,-13.287712379549449,False
105,106,594,0.031735916,0.031835916000000006,-4.973200914962565,False
106,107,600,0.01053419,0.01063419,-6.555146041524295,False
107,108,605,0.0,0.0001,-13.287712379549449,False
108,109,598,0.035422662,0.035522662,-4.815116491242755,False
109,110,603,0.024941166,0.025041166,-5.319554449259263,False
110,111,601,0.00700905,0.0071090500000000004,-7.136127502856842,False
111,112,602,0.015609987,0.015709987,-5.9921742029709595,False
112,113,595,0.004666612,0.004766612,-7.712820089180569,False
113,114,610,0.040540527,0.040640527,-4.620937079609602,False
114,115,608,0.034779549,0.034879549,-4.841474803893543,False
115,116,599,0.019281423,0.019381423,-5.689181691277844,False
116,117,604,0.035954534,0.036054534000000006,-4.793675494302841,False
117,118,596,0.047230217,0.047330217,-4.401094653202226,False
118,119,606,0.008996232,0.009096232,-6.780515233930045,False
119,120,612,0.045722869,0.045822869,-4.447788400217821,False
120,121,607,0.028825954,0.028925954,-5.111491648475752,False
121,122,609,0.006644944,0.006744944,-7.211977819436309,False
122,123,611,0.041207572,0.041307572,-4.59744992663961,False
123,124,613,0.004308722,0.004408722,-7.825423776605269,False
124,125,614,0.004844125,0.004944125000000001,-7.660069065974733,False
125,126,732,0.0160521,0.0161521,-5.952134442030251,False
126,127,615,0.0,0.0001,-13.287712379549449,False
127,128,618,0.017418236,0.017518236,-5.834998679800135,False
128,129,619,0.010964157,0.011064157,-6.497962656236372,False
129,130,620,0.00386159,0.00396159,-7.97970470669977,False
130,131,1126,0.0,0.0001,-13.287712379549449,False
131,132,1130,0.023524629,0.023624628999999998,-5.403564516274362,False
132,133,1131,0.0,0.0001,-13.287712379549449,False
133,134,1127,0.008922693,0.009022693,-6.7922261862275946,False
134,135,1128,0.015743406,0.015843406,-5.97997367183906,False
135,136,1129,0.0,0.0001,-13.287712379549449,False
136,137,1100,0.00663776,0.006737760000000001,-7.213515244296276,False
137,138,1103,0.032677489,0.032777489,-4.931150852299021,False
138,139,1101,0.002923775,0.003023775,-8.369433492477748,False
139,140,1104,0.0,0.0001,-13.287712379549449,False
140,141,1106,0.01930795,0.01940795,-5.687208450961958,False
141,142,1102,0.0,0.0001,-13.287712379549449,False
142,143,1105,0.002728857,0.0028288569999999997,-8.465565034971108,False
143,144,1108,0.013701374,0.013801374,-6.179044287676316,False
144,145,1107,0.0,0.0001,-13.287712379549449,False
145,146,1109,0.0,0.0001,-13.287712379549449,False
146,147,1119,0.006898796,0.006998796,-7.158677527494309,False
147,148,1120,0.02407815,0.02417815,-5.370152329303993,False
148,149,1122,0.121411009,0.121511009,-3.0408410657460707,False
149,150,1121,0.0,0.0001,-13.287712379549449,False
150,151,1123,0.030758792,0.030858792,-5.018174602581578,False
151,152,1110,0.0,0.0001,-13.287712379549449,False
152,153,1118,0.034397357,0.034497357000000006,-4.857370355102951,False
153,154,1115,0.0,0.0001,-13.287712379549449,False
154,155,1116,0.0,0.0001,-13.287712379549449,False
155,156,1111,0.004565002,0.0046650020000000006,-7.743906585066411,False
156,157,1114,0.044331611,0.044431611,-4.492269738285567,False
157,158,1113,0.00917777,0.00927777,-6.752006203075799,False
158,159,1112,0.012622466,0.012722466,-6.296477853967331,False
159,160,1117,0.005457714,0.005557714,-7.491292689310008,False
160,161,1124,0.01310468,0.01320468,-6.242806849875699,False
161,162,1125,0.016373142,0.016473142,-5.923740436441134,False
162,163,957,0.0,0.0001,-13.287712379549449,False
163,164,1046,0.029818636,0.029918636,-5.0628117859693695,False
164,165,1047,0.02673166,0.02683166,-5.219919876895103,False
165,166,1049,0.031486811,0.031586811000000006,-4.984533899626417,False
166,167,1048,0.035928524,0.036028524000000006,-4.79471664046626,False
167,168,1050,0.01646724,0.01656724,-5.915522911293168,False
168,169,1084,0.023390203,0.023490202999999998,-5.411797008743567,False
169,170,1096,0.02470086,0.02480086,-5.333466041089057,False
170,171,1058,0.038559935,0.038659935,-4.69301697786594,False
171,172,1069,0.010886397,0.010986397,-6.508137859219045,False
172,173,1079,0.0,0.0001,-13.287712379549449,False
173,174,1078,0.024750098,0.024850098,-5.330604648496812,False
174,175,1071,0.009302921,0.009402921,-6.732675287702284,False
175,176,1072,0.107205095,0.107305095,-3.2202095159343656,False
176,177,1081,0.046251813,0.046351813000000006,-4.431230420396298,False
177,178,1073,0.004787468,0.004887468,-7.676697028051293,False
178,179,1076,0.020673159,0.020773159,-5.589135564488347,False
179,180,1077,0.014699644,0.014799643999999999,-6.078293717002373,False
180,181,1063,0.006937772,0.007037772,-7.150665508255306,False
181,182,1068,0.098987949,0.09908794900000001,-3.335146581153333,False
182,183,1059,0.017013656,0.017113655999999998,-5.868708193265172,False
183,184,1066,0.005898106,0.0059981060000000004,-7.381277266569629,False
184,185,1067,0.006710304,0.0068103040000000005,-7.198065085616579,False
185,186,1064,0.0,0.0001,-13.287712379549449,False
186,187,1065,0.0,0.0001,-13.287712379549449,False
187,188,1075,0.00232573,0.0024257299999999996,-8.687365306890703,False
188,189,1089,0.03671108,0.03681108,-4.763716112212836,False
189,190,1090,0.018605843,0.018705843,-5.740367205734982,False
190,191,1091,0.005961095,0.006061095,-7.366205829517998,False
191,192,1082,0.014237515,0.014337514999999999,-6.124061194176045,False
192,193,1092,0.027751088,0.027851088,-5.166122502369384,False
193,194,1095,0.015067308,0.015167308,-6.042891141084039,False
194,195,1085,0.033992682,0.034092682000000006,-4.874394092030498,False
195,196,1094,0.017508851,0.017608851,-5.827555415227007,False
196,197,1093,0.026127354,0.026227353999999998,-5.2527839240564385,False
197,198,1060,0.00294481,0.00304481,-8.359432079719333,False
198,199,1061,0.036117224,0.036217224000000006,-4.787180219823347,False
199,200,1062,0.0,0.0001,-13.287712379549449,False
200,201,1097,0.045480949,0.045580949,-4.455425227801152,False
201,202,1074,0.0,0.0001,-13.287712379549449,False
202,203,1087,0.0,0.0001,-13.287712379549449,False
203,204,1088,0.018294013,0.018394013,-5.764619924619483,False
204,205,1083,0.0,0.0001,-13.287712379549449,False
205,206,1080,0.011468257,0.011568257,-6.433684681153577,False
206,207,1098,0.018605843,0.018705843,-5.740367205734982,False
207,208,1099,0.013934589,0.014034589,-6.154869374327842,False
208,209,1070,0.031748474,0.031848474,-4.972631941480734,False
209,210,1010,0.015404838,0.015504838,-6.01113773753058,False
210,211,1014,0.007772061,0.007872061,-6.989042884607835,False
211,212,1011,0.037211686,0.037311686000000004,-4.7442286372082885,False
212,213,1015,0.007759783,0.007859783,-6.991294802858297,False
213,214,1016,0.008094067,0.008194067,-6.931204595386397,False
214,215,1012,0.022327011,0.022427011,-5.4786188343003195,False
215,216,1013,0.010428753,0.010528753,-6.569521612599015,False
216,217,1154,0.005724875,0.005824875,-7.423557194348402,False
217,218,1153,0.0,0.0001,-13.287712379549449,False
218,219,1155,0.0,0.0001,-13.287712379549449,False
219,220,1156,0.0,0.0001,-13.287712379549449,False
220,221,1157,0.0,0.0001,-13.287712379549449,False
221,222,1158,0.0,0.0001,-13.287712379549449,False
222,223,1132,0.02982961,0.02992961,-5.062282709960821,False
223,224,1135,0.005581753,0.005681753,-7.459448169329741,False
224,225,1136,0.013564494,0.013664494,-6.193424152321701,False
225,226,1133,0.029172636,0.029272635999999998,-5.094303523532839,False
226,227,1134,0.017361406,0.017461406,-5.839686459698535,False
227,228,1137,0.039485069,0.039585069,-4.658899823652212,False
228,229,1139,0.017867516,0.017967516,-5.798465219000847,False
229,230,1138,0.012550168,0.012650168,-6.304699645079847,False
230,231,1140,0.0,0.0001,-13.287712379549449,False
231,232,1143,0.022740475,0.022840475,-5.4522635358770035,False
232,233,1141,0.019338356,0.019438356,-5.6849499816819336,False
233,234,1148,0.007139451,0.007239451,-7.109903989233254,False
234,235,1149,0.006155316,0.006255316,-7.320701517758189,False
235,236,1145,0.052816586,0.052916586,-4.240136202983344,False
236,237,1146,0.041982415,0.042082415000000005,-4.570638690264522,False
237,238,1147,0.0,0.0001,-13.287712379549449,False
238,239,1144,0.0,0.0001,-13.287712379549449,False
239,240,1142,0.017946951,0.018046951,-5.792101072814162,False
240,241,597,0.012871967,0.012971967,-6.268458931003806,False
241,242,733,0.009172628,0.009272628,-6.752806006733946,False
242,243,906,0.052210273,0.052310273000000004,-4.256761890515489,False
243,244,1086,0.010381521,0.010481520999999999,-6.576008104584816,False
244,245,1151,0.027087918,0.027187918,-5.200890513074822,False
245,246,953,0.02889378,0.02899378,-5.108112755935523,False
246,247,944,0.019967246,0.020067246,-5.639013552883215,False
247,248,948,0.0,0.0001,-13.287712379549449,False
248,249,952,0.123448291,0.123548291,-3.0168530403750755,False
249,250,947,0.0,0.0001,-13.287712379549449,False
250,251,949,0.030320633,0.030420633,-5.038806016447374,False
251,252,951,0.029865173,0.029965172999999998,-5.060569486631555,False
252,253,950,0.0,0.0001,-13.287712379549449,False
253,254,954,0.0,0.0001,-13.287712379549449,False
254,255,955,0.031730895,0.031830895000000005,-4.973428467488019,False
255,256,958,0.0014939,0.0015939,-9.29322316601731,False
256,257,586,0.0,0.0001,-13.287712379549449,False
257,258,587,0.04385663,0.043956630000000003,-4.507775405595286,False
258,259,590,0.0,0.0001,-13.287712379549449,False
259,260,591,0.051166068,0.051266068000000005,-4.285851939483176,False
260,261,589,0.009641572,0.009741571999999999,-6.681629685495405,False
261,262,588,0.002784548,0.002884548,-8.437439014057091,False
262,263,592,0.023257304,0.023357304,-5.419982427983734,False
263,264,956,0.008617443,0.008717443,-6.841879258856113,False
264,265,581,0.017953006,0.018053006,-5.79161710999091,False
265,266,584,0.0,0.0001,-13.287712379549449,False
266,267,585,0.0,0.0001,-13.287712379549449,False
267,268,583,0.020373819,0.020473819,-5.610075955099333,False
268,269,593,0.0,0.0001,-13.287712379549449,False
269,270,582,0.005053439,0.005153439,-7.6002487897558035,False
270,271,580,0.0,0.0001,-13.287712379549449,False
271,272,579,0.0,0.0001,-13.287712379549449,False
272,273,616,0.013326976,0.013426976,-6.2187217696741275,False
273,274,617,0.045945041,0.046045041,-4.440810401752367,False
274,275,775,0.0,0.0001,-13.287712379549449,False
275,276,776,0.019491835,0.019591835,-5.673603660907406,False
276,277,824,0.021879477,0.021979477,-5.507699131899014,False
277,278,742,0.0384604,0.0385604,-4.696736172568281,False
278,279,754,0.005032728,0.0051327280000000005,-7.606058475204304,False
279,280,758,0.015067308,0.015167308,-6.042891141084039,False
280,281,757,0.044199796,0.044299796,-4.4965561345715415,False
281,282,762,0.031112858,0.031212858,-5.0017157263449,False
282,283,761,0.018453336,0.018553336,-5.752177574468123,False
283,284,756,0.024489742,0.024589741999999998,-5.34579959177742,False
284,285,759,0.041346318,0.041446318,-4.5926122482246745,False
285,286,768,0.030560728,0.030660727999999998,-5.027464237412057,False
286,287,769,0.038867992,0.038967992,-4.6815665976642205,False
287,288,755,0.016914403,0.017014403,-5.877099658750948,False
288,289,763,0.023451114,0.023551113999999998,-5.408060886868112,False
289,290,764,0.01348088,0.01358088,-6.202279224882589,False
290,291,765,0.002955441,0.003055441,-8.354403661542293,False
291,292,767,0.016707288,0.016807288,-5.894769237633648,False
292,293,766,0.003923277,0.0040232770000000005,-7.957413214665484,False
293,294,760,0.018892087,0.018992086999999998,-5.718457740890088,False
294,295,772,0.015743406,0.015843406,-5.97997367183906,False
295,296,740,0.025303946,0.025403946,-5.298803581262686,False
296,297,743,0.024611526,0.024711526,-5.3386720862446015,False
297,298,747,0.015286128,0.015386127999999999,-6.022225974224716,False
298,299,925,0.037961921,0.038061921000000005,-4.71550781294379,False
299,300,930,0.040781811,0.040881811000000004,-4.612397082959844,False
300,301,926,0.005007077,0.005107077000000001,-7.613286473765135,False
301,302,929,0.015109443,0.015209443,-6.038888870101662,False
302,303,928,0.024364794,0.024464793999999998,-5.353149054824317,False
303,304,752,0.038175719,0.038275719,-4.707426711122381,False
304,305,770,0.030699641,0.030799641,-5.020942654781111,False
305,306,700,0.023890771,0.023990771,-5.381376666991112,False
306,307,718,0.021706817,0.021806817,-5.51907698529071,False
307,308,773,0.030699641,0.030799641,-5.020942654781111,False
308,309,774,0.031576773,0.031676773000000005,-4.980430818183815,False
309,310,719,0.032348152,0.032448152,-4.945719874149834,False
310,311,730,0.032689432,0.032789432,-4.930625279134959,False
311,312,748,0.036117224,0.036217224000000006,-4.787180219823347,False
312,313,745,0.022151898,0.022251898,-5.489927792194391,False
313,314,652,0.024724543,0.024824543,-5.332089030639499,False
314,315,913,0.013821483,0.013921483,-6.166543285859311,False
315,316,912,0.017377155,0.017477154999999998,-5.838385833394101,False
316,317,916,0.0,0.0001,-13.287712379549449,False
317,318,914,0.027988277,0.028088277,-5.153888060853138,False
318,319,917,0.035157053,0.035257053000000003,-4.82594429934717,False
319,320,915,0.0,0.0001,-13.287712379549449,False
320,321,918,0.029539173,0.029639172999999998,-5.0763509960258455,False
321,322,678,0.041250163,0.041350163,-4.595963173344845,False
322,323,771,0.021045169,0.021145169,-5.563528098810347,False
323,324,821,0.023798171,0.023898171,-5.386955981200528,False
324,325,809,0.0,0.0001,-13.287712379549449,False
325,326,813,0.006476717,0.006576717,-7.248416693070114,False
326,327,822,0.021798562,0.021898562,-5.513020053445214,False
327,328,790,0.033332943,0.033432943,-4.902585833185392,False
328,329,793,0.018465949,0.018565948999999998,-5.75119712922242,False
329,330,794,0.049716017,0.049816017000000004,-4.327246513118904,False
330,331,802,0.018918546,0.019018546,-5.716449235835604,False
331,332,803,0.025303946,0.025403946,-5.298803581262686,False
332,333,792,0.022846244,0.022946244,-5.445598167117762,False
333,334,815,0.007335637,0.007435637,-7.071327943544396,False
334,335,820,0.021068381,0.021168381,-5.5619452564041545,False
335,336,800,0.009887163,0.009987162999999999,-6.645709367115239,False
336,337,801,0.080220167,0.080320167,-3.63809392086177,False
337,338,810,0.035085304,0.035185304,-4.828883211862112,False
338,339,804,0.018892087,0.018992086999999998,-5.718457740890088,False
339,340,808,0.047157666,0.047257666000000004,-4.4033078116981805,False
340,341,795,0.009574937,0.009674937,-6.691532017728915,False
341,342,796,0.013265277,0.013365277,-6.22536645152893,False
342,343,805,0.006566768,0.006666768,-7.228796761697918,False
343,344,799,0.016914403,0.017014403,-5.877099658750948,False
344,345,806,0.006531838,0.006631838,-7.236375519000193,False
345,346,807,0.008065587,0.008165587,-6.936227684049757,False
346,347,780,0.026331076,0.026431075999999998,-5.2416210319815475,False
347,348,783,0.016764309,0.016864309,-5.889882983348514,False
348,349,785,0.028557805,0.028657804999999998,-5.124928076925765,False
349,350,786,0.010604366,0.010704366,-6.545656839706834,False
350,351,788,0.012530466,0.012630466,-6.306948321552921,False
351,352,787,0.032746284,0.032846284,-4.928126026472682,False
352,353,784,0.008468866,0.008568866,-6.866679993326229,False
353,354,789,0.014196366,0.014296366,-6.128207715501911,False
354,355,859,0.004678041,0.004778041,-7.709365051160246,False
355,356,861,0.04269974,0.04279974,-4.5462541572102175,False
356,357,862,0.0,0.0001,-13.287712379549449,False
357,358,863,0.025989114,0.026089114,-5.260408239467985,False
358,359,860,0.00772318,0.007823179999999999,-6.998029124997064,False
359,360,782,0.013909222,0.014009222,-6.15747935162968,False
360,361,646,0.012926165,0.013026165,-6.26244378352341,False
361,362,661,0.011476501,0.011576501,-6.432656925458738,False
362,363,660,0.01955002,0.01965002,-5.669325408899691,False
363,364,662,0.015222962,0.015322961999999999,-6.028160985875844,False
364,365,663,0.013452112,0.013552112,-6.2053384869417325,False
365,366,670,0.007092326,0.007192326000000001,-7.119325870605567,False
366,367,671,0.049242532,0.049342532,-4.341024440692871,False
367,368,668,0.0462845,0.0463845,-4.430213399701192,False
368,369,669,0.0,0.0001,-13.287712379549449,False
369,370,651,0.021710828,0.021810828,-5.518811650019844,False
370,371,817,0.013854197,0.013954197,-6.163157083461028,False
371,372,891,0.015373842,0.015473842,-6.0140247417806005,False
372,373,908,0.020021505,0.020121504999999998,-5.635117973357214,False
373,374,655,0.007681769,0.007781769,-7.005686129781902,False
374,375,705,0.0,0.0001,-13.287712379549449,False
375,376,674,0.017000866,0.017100866,-5.869786803712073,False
376,377,704,0.041878498,0.041978498,-4.574205642170802,False
377,378,750,0.017894144,0.017994144,-5.7963287163716775,False
378,379,818,0.0,0.0001,-13.287712379549449,False
379,380,656,0.0,0.0001,-13.287712379549449,False
380,381,888,0.02251307,0.02261307,-5.466699320944392,False
381,382,827,0.032934481,0.033034481000000004,-4.919883510856661,False
382,383,870,0.032270715,0.032370715,-4.949166957821644,False
383,384,909,0.00351355,0.0036135499999999997,-8.112367427931177,False
384,385,741,0.046818624,0.046918624000000006,-4.413695486243887,False
385,386,864,0.021224443,0.021324443,-5.551348131308887,False
386,387,865,0.030320633,0.030420633,-5.038806016447374,False
387,388,883,0.020339307,0.020439307,-5.61250990761916,False
388,389,884,0.0,0.0001,-13.287712379549449,False
389,390,885,0.02728857,0.02738857,-5.190282247125562,False
390,391,878,0.027708394,0.027808394,-5.168335761707872,False
391,392,868,0.024683128,0.024783127999999998,-5.334497901195009,False
392,393,871,0.029361119,0.029461119,-5.085043961536348,False
393,394,873,0.029237753,0.029337752999999998,-5.091097811602453,False
394,395,879,0.004219882,0.004319882000000001,-7.8547923797594255,False
395,396,877,0.003160838,0.003260838,-8.260541515578808,False
396,397,881,0.011025685,0.011125685,-6.489962025319994,False
397,398,880,0.027771553,0.027871553,-5.1650627982774955,False
398,399,869,0.00623343,0.00633343,-7.302797252025501,False
399,400,876,0.030407263,0.030507263,-5.034703437372122,False
400,401,882,0.021928315,0.022028315,-5.504497045807915,False
401,402,887,0.035526628,0.035626628,-4.810900248484024,False
402,403,886,0.027492216,0.027592216,-5.179594861977082,False
403,404,872,0.00841086,0.008510859999999999,-6.876479364848684,False
404,405,874,0.038778494,0.038878494,-4.684883854082367,False
405,406,875,0.03961244,0.03971244,-4.654265184546825,False
406,407,894,0.0,0.0001,-13.287712379549449,False
407,408,910,0.021449531,0.021549531,-5.536199718666248,False
408,409,911,0.043327255,0.043427255000000005,-4.525255425632355,False
409,410,889,0.022831074,0.022931074,-5.4465522631949534,False
410,411,893,0.048771061,0.048871061,-4.354875763667273,False
411,412,896,0.031895731,0.031995731,-4.965976762036513,False
412,413,895,0.002495906,0.002595906,-8.589546141613615,False
413,414,890,0.088984466,0.089084466,-3.4886823043640294,False
414,415,898,0.0,0.0001,-13.287712379549449,False
415,416,897,0.0,0.0001,-13.287712379549449,False
416,417,899,0.011695101,0.011795100999999999,-6.40566841752416,False
417,418,900,0.068221424,0.068321424,-3.8715181449051896,False
418,419,901,0.01872745,0.01882745,-5.731018575987068,False
419,420,902,0.022899499,0.022999499,-5.442253754608888,False
420,421,903,0.001556382,0.001656382,-9.2377488546078,False
421,422,904,0.012218763,0.012318763,-6.342998796027982,False
422,423,866,0.007375289,0.007475289,-7.063654928654738,False
423,424,867,0.067595539,0.067695539,-3.884795423546505,False
424,425,907,0.0,0.0001,-13.287712379549449,False
425,426,672,0.009130005,0.009230005,-6.759452855266308,False
426,427,823,0.003986966,0.004086966,-7.934754043220673,False
427,428,654,0.027011528,0.027111528,-5.204949764319481,False
428,429,679,0.013977072,0.014077072,-6.1505089019900385,False
429,430,826,0.007057389,0.007157389,-7.126350893225973,False
430,431,829,0.019433996,0.019533995999999998,-5.677869083372372,False
431,432,830,0.01063191,0.010731909999999999,-6.54194932874965,False
432,433,832,0.025761936,0.025861936,-5.273025911801588,False
433,434,831,0.029950869,0.030050869,-5.056449478909369,False
434,435,833,0.0,0.0001,-13.287712379549449,False
435,436,828,0.028524637,0.028624636999999998,-5.126598791818259,False
436,437,850,0.035157053,0.035257053000000003,-4.82594429934717,False
437,438,851,0.022490579,0.022590579,-5.468134942074985,False
438,439,855,0.022583644,0.022683644,-5.462203770022003,False
439,440,852,0.01964777,0.019747769999999998,-5.662166442388006,False
440,441,854,0.006850687,0.0069506870000000005,-7.168628705025916,False
441,442,853,0.035984927,0.036084927,-4.792459853587918,False
442,443,659,0.022519693,0.022619693,-5.4662768409237,False
443,444,673,0.011013324,0.011113323999999999,-6.49156579779357,False
444,445,677,0.00586851,0.005968510000000001,-7.388413467729365,False
445,446,684,0.001441298,0.001541298,-9.341638460085132,False
446,447,680,0.011163506,0.011263506,-6.472200223678597,False
447,448,857,0.022643707,0.022743707,-5.458388771311868,False
448,449,681,0.025286705,0.025386705,-5.299783033412466,False
449,450,682,0.021233181,0.021333181,-5.550757087164301,False
450,451,649,0.015090453,0.015190453,-6.040691296161938,False
451,452,722,0.021393478,0.021493478,-5.539957236215289,False
452,453,694,0.015373842,0.015473842,-6.0140247417806005,False
453,454,650,0.036041507,0.036141507,-4.790199525960198,False
454,455,665,0.020725496,0.020825496,-5.585505333164993,False
455,456,667,0.020696387,0.020796387,-5.587523282078649,False
456,457,666,0.024832064,0.024932064,-5.325853868545565,False
457,458,723,0.015865447,0.015965447,-5.968903243778371,False
458,459,714,0.013042331,0.013142331,-6.2496350066647866,False
459,460,724,0.045167288,0.045267288,-4.465387313631909,False
460,461,725,0.032995983,0.033095983,-4.91720006813998,False
461,462,726,0.037311449,0.037411449,-4.740376345120138,False
462,463,727,0.017894144,0.017994144,-5.7963287163716775,False
463,464,721,0.029154455,0.029254455,-5.095199848258157,False
464,465,683,0.05043303,0.05053303,-4.306629502102334,False
465,466,713,0.058475506,0.058575506,-4.093558678022419,False
466,467,728,0.016727368,0.016827368,-5.893046650082122,False
467,468,664,0.012791517,0.012891517,-6.277434147983394,False
468,469,856,0.007442337,0.0075423370000000005,-7.0507726715244745,False
469,470,749,0.042882038,0.042982038,-4.540122299778062,False
470,471,797,0.029769349,0.029869349,-5.0651903952029,False
471,472,653,0.009373936,0.009473935999999999,-6.721820358657335,False
472,473,657,0.020037062,0.020137062,-5.6340029804729275,False
473,474,658,0.016373142,0.016473142,-5.923740436441134,False
474,475,675,0.009812671,0.009912671,-6.656510436206217,False
475,476,923,0.023960695,0.024060695,-5.377177874003378,False
476,477,729,0.018082787,0.018182787,-5.781282841567449,False
477,478,905,0.033414575,0.033514575000000005,-4.899067550701949,False
478,479,819,0.011305265,0.011405265,-6.4541562218844915,False
479,480,676,0.027541828,0.027641828,-5.177003163074238,False
480,481,779,0.024915651,0.025015651,-5.321025192680933,False
481,482,812,0.04004301,0.04014301,-4.638707392972948,False
482,483,825,0.006146074,0.006246074,-7.322834622956401,False
483,484,731,0.049215455,0.049315455,-4.341816345246993,False
484,485,847,0.002737984,0.002837984,-8.460917828873814,False
485,486,848,0.016898885,0.016998885,-5.878416070336788,False
486,487,845,0.00990311,0.010003109999999999,-6.643407581372,False
487,488,841,0.032697842,0.032797842,-4.930255296831368,False
488,489,849,0.025989114,0.026089114,-5.260408239467985,False
489,490,843,0.034197068,0.034297068,-4.865770941734125,False
490,491,846,0.025659401,0.025759400999999998,-5.278757143852358,False
491,492,844,0.0,0.0001,-13.287712379549449,False
492,493,746,0.005203329,0.005303329,-7.558886033647989,False
493,494,834,0.038676713,0.038776713000000004,-4.688665674612202,False
494,495,835,0.007580158,0.007680158,-7.0246482935761065,False
495,496,837,0.021813747,0.021913747,-5.512020000009403,False
496,497,838,0.016188135,0.016288135,-5.940034765793703,False
497,498,842,0.004377845,0.004477845,-7.8029796943013086,False
498,499,839,0.022428961,0.022528961,-5.472075409477539,False
499,500,840,0.013046328,0.013146327999999999,-6.249196304019447,False
500,501,648,0.025813512,0.025913512,-5.270151635791808,False
501,502,701,0.014671274,0.014771274,-6.081061928044552,False
502,503,689,0.01980622,0.01990622,-5.65063689664171,False
503,504,814,0.004616487,0.004716487,-7.728071593441393,False
504,505,685,0.040527579,0.040627579000000004,-4.621396792932993,False
505,506,695,0.024997163,0.025097163,-5.316331899588949,False
506,507,696,0.039093176,0.039193176,-4.673253704004932,False
507,508,697,0.00802605,0.00812605,-6.943230043089626,False
508,509,690,0.029575762,0.029675761999999998,-5.07457111459981,False
509,510,707,0.010065456,0.010165456,-6.620181257013806,False
510,511,710,0.024338454,0.024438454,-5.354703168001084,False
511,512,711,0.005716879,0.0058168790000000005,-7.425538990452484,False
512,513,708,0.026197027,0.026297027,-5.248956484356025,False
513,514,709,0.020613668,0.020713668,-5.593273139507326,False
514,515,691,0.050638583,0.050738583000000004,-4.300772960625507,False
515,516,692,0.059538697,0.059638697000000004,-4.067607452142867,False
516,517,693,0.020813316,0.020913315999999998,-5.579434357045529,False
517,518,712,0.020552061,0.020652061,-5.59757042526766,False
518,519,816,0.027015684,0.027115684,-5.204728626614608,False
519,520,716,0.014584152,0.014684151999999999,-6.089596236384308,False
520,521,717,0.028286932,0.028386932,-5.138629255737548,False
521,522,734,0.001764347,0.0018643470000000001,-9.06711387929006,False
522,523,647,0.044053296,0.044153296,-4.501335052119154,False
523,524,702,0.052478018,0.052578018000000004,-4.249396431148269,False
524,525,703,0.012965158,0.013065157999999999,-6.258131618164005,False
525,526,736,0.027719766,0.027819766,-5.167745904763708,False
526,527,738,0.008052365,0.008152365,-6.938565638960425,False
527,528,686,0.015567305,0.015667305,-5.9960991527540966,False
528,529,737,0.006921014,0.007021014,-7.154104879897455,False
529,530,687,0.031286258,0.031386258,-4.993723154695088,False
530,531,698,0.021951373,0.022051373,-5.502987703668879,False
531,532,735,0.002632338,0.002732338,-8.515648323449263,False
532,533,688,0.0,0.0001,-13.287712379549449,False
533,534,919,0.020771896,0.020871896,-5.58229452911625,False
534,535,739,0.003704331,0.0038043309999999998,-8.038141509734949,False
535,536,1004,0.012218763,0.012318763,-6.342998796027982,False
536,537,1005,0.013400637,0.013500637,-6.210828710271936,False
537,538,1007,0.007181203,0.007281203,-7.101607452541474,False
538,539,1006,0.016080764,0.016180764,-5.94957646130292,False
539,540,1008,0.014248778,0.014348778,-6.122928313390055,False
540,541,1009,0.014618877,0.014718877,-6.086188586880829,False
541,542,638,0.006844959,0.0069449590000000005,-7.1698181074707215,False
542,543,892,0.033414575,0.033514575000000005,-4.899067550701949,False
543,544,706,0.003160838,0.003260838,-8.260541515578808,False
544,545,798,0.059789563,0.059889563,-4.0615515844250805,False
545,546,715,0.029237753,0.029337752999999998,-5.091097811602453,False
546,547,753,0.0,0.0001,-13.287712379549449,False
547,548,624,3.343185842,3.3432858420000002,1.7412667067969438,False
548,549,626,14.79317313,14.79327313,3.8868693904599962,True
549,550,627,0.032746284,0.032846284,-4.928126026472682,False
550,551,628,0.027869177,0.027969176999999998,-5.160018386996993,False
551,552,629,55.94425355,55.94435355,5.80592062257711,True
552,553,578,121.6170922,121.6171922,6.926203377014085,True
553,554,630,102.9604077,102.96050770000001,6.685947262417096,True
554,555,625,0.063611868,0.063711868,-3.97229405261583,False
555,556,632,10.18448401,10.18458401,3.3483151494212655,True
556,557,639,0.386662142,0.386762142,-1.3704815105738368,False
557,558,640,0.486508337,0.486608337,-1.03916705688492,False
558,559,641,0.007545227,0.007645227,-7.031224946331425,False
559,560,642,0.056573864,0.056673864000000004,-4.14117262163825,False
560,561,643,0.050239519,0.050339519000000006,-4.312164758330063,False
561,562,631,0.042080505,0.042180505,-4.567279822081851,False
562,563,633,0.003396917,0.003496917,-8.159700730865364,False
563,564,1003,0.013184814,0.013284813999999999,-6.234078160904236,False
564,565,998,0.024915651,0.025015651,-5.321025192680933,False
565,566,1000,0.002046643,0.0021466429999999997,-8.863702002619835,False
566,567,999,0.016211031,0.016311031,-5.938008213882056,False
567,568,1001,0.0,0.0001,-13.287712379549449,False
568,569,1002,10.77533957,10.77543957,3.429674818264285,True
569,570,644,0.004401382,0.004501382,-7.795416283564349,False
570,571,645,0.033759055,0.033859055000000006,-4.88431448133263,False
571,572,924,0.001033658,0.001133658,-9.784798808509626,False
572,573,635,0.017687036,0.017787036,-5.8130300672734325,False
573,574,637,0.032386434,0.032486434,-4.944018800458414,False
574,575,997,0.017365453,0.017465453,-5.8393521274955384,False
575,576,931,0.022225984,0.022325984,-5.485132427389676,False
576,577,934,0.003590601,0.003690601,-8.08192851197612,False
577,578,935,0.016909129,0.017009128999999998,-5.877546924114615,False
578,579,936,0.006997069,0.007097069,-7.13856095190552,False
579,580,932,0.048027882,0.048127882000000004,-4.376983254843668,False
580,581,933,0.009817843,0.009917842999999999,-6.655757897071764,False
581,582,0,,,,False
582,583,51,0.017643472,0.017743472,-5.816567849410166,False
583,584,51,0.017643472,0.017743472,-5.816567849410166,False
584,585,52,0.018776539,0.018876538999999998,-5.727261917938074,False
585,586,53,0.0,0.0001,-13.287712379549449,False
586,587,54,0.017511382,0.017611382,-5.8273480650283425,False
587,588,55,0.030876076,0.030976075999999998,-5.012701792383755,False
588,589,56,0.016914403,0.017014403,-5.877099658750948,False
589,590,57,0.028698311,0.028798311,-5.117871988641108,False
590,591,58,0.005792385,0.005892385,-7.406932587580145,False
591,592,59,0.015743406,0.015843406,-5.97997367183906,False
592,593,1,0.0,0.0001,-13.287712379549449,False
593,594,2,0.006497278,0.006597278000000001,-7.243913385330738,False
594,595,3,0.003580133,0.003680133,-8.086026378441442,False
595,596,4,0.00512943,0.00522943,-7.579130581208681,False
596,597,5,0.061904625,0.062004625,-4.011480357892884,False
597,598,6,0.022995986,0.023095986,-5.436214051600519,False
598,599,7,0.008930805,0.009030805,-6.790929690339728,False
599,600,8,0.005556496,0.0056564960000000004,-7.46587565366505,False
600,601,9,0.008834429,0.008934428999999999,-6.806408755192934,False
601,602,15,0.009519268,0.009619267999999999,-6.699857171638732,False
602,603,89,0.038009079,0.038109079000000004,-4.713721447491567,False
603,604,18,0.020625082,0.020725082,-5.592478379935034,False
604,605,18,0.020625082,0.020725082,-5.592478379935034,False
605,606,19,0.03385424,0.033954240000000004,-4.880264449029936,False
606,607,66,0.03468886,0.034788860000000005,-4.8452307858756605,False
607,608,61,0.010406658,0.010506657999999999,-6.572552345742408,False
608,609,62,0.013797591,0.013897590999999999,-6.169021361038352,False
609,610,63,0.014054199,0.014154199,-6.142626081747975,False
610,611,64,0.026622995,0.026722995,-5.2257744817567,False
611,612,65,0.008527678,0.008627678,-6.8568119510556915,False
612,613,66,0.03468886,0.034788860000000005,-4.8452307858756605,False
613,614,67,0.044563995,0.044663995000000005,-4.484743890049231,False
614,615,68,0.034110712,0.034210712000000004,-4.8694080597063305,False
615,616,69,0.018850657,0.018950657,-5.721608323741885,False
616,617,70,0.014018101,0.014118101,-6.146310142392893,False
617,618,72,0.014018101,0.014118101,-6.146310142392893,False
618,619,72,0.014018101,0.014118101,-6.146310142392893,False
619,620,73,0.014018101,0.014118101,-6.146310142392893,False
620,621,74,0.011612157,0.011712156999999999,-6.415849391763895,False
621,622,75,0.017883286,0.017983286,-5.797199528057202,False
622,623,76,0.036311403,0.036411403,-4.7794658581616005,False
623,624,78,0.01063191,0.010731909999999999,-6.54194932874965,False
624,625,78,0.01063191,0.010731909999999999,-6.54194932874965,False
625,626,79,0.02316954,0.02326954,-5.4254134984246,False
626,627,80,0.006446119,0.006546119,-7.255144455706024,False
627,628,81,0.017519899,0.017619898999999998,-5.826650535244931,False
628,629,82,0.011291822,0.011391822,-6.455857680643902,False
629,630,83,0.022995986,0.023095986,-5.436214051600519,False
630,631,84,0.017796893,0.017896893,-5.804147040416977,False
631,632,85,0.04050647,0.040606470000000006,-4.62214657336813,False
632,633,86,0.04050647,0.040606470000000006,-4.62214657336813,False
633,634,87,0.010233214,0.010333213999999999,-6.596567135893366,False
634,635,88,0.016821721,0.016921721,-5.884979886570865,False
635,636,89,0.038009079,0.038109079000000004,-4.713721447491567,False
636,637,90,0.049615581,0.049715581,-4.330158122521739,False
637,638,91,0.028668925,0.028768925,-5.119344876453678,False
638,639,92,0.073149968,0.073249968,-3.771028060495831,False
639,640,93,0.01718555,0.01728555,-5.854289681074693,False
640,641,94,0.012616291,0.012716291,-6.2971782531301095,False
641,642,95,0.017504181,0.017604181,-5.827938079570165,False
642,643,20,0.030245952,0.030345952,-5.042352108846444,False
643,644,21,0.061208007,0.061308007000000005,-4.027780683479878,False
644,645,22,0.020813316,0.020913315999999998,-5.579434357045529,False
645,646,23,0.014884674,0.014984674,-6.060368492222825,False
646,647,96,0.028942422,0.029042422,-5.10569441751252,False
647,648,97,0.014278903,0.014378903,-6.119902576363983,False
648,649,98,0.05798821,0.05808821,-4.105610816172247,False
649,650,99,0.031268153,0.031368153,-4.994555605961023,False
650,651,100,0.003327874,0.003427874,-8.18847020406698,False
651,652,101,0.005433565,0.005533565,-7.497575048196915,False
652,653,102,0.011612157,0.011712156999999999,-6.415849391763895,False
653,654,24,0.020991207,0.021091207,-5.567214530248278,False
654,655,103,0.032276803,0.032376803,-4.94889565391051,False
655,656,104,0.026763789,0.026863789,-5.218193385903266,False
656,657,105,0.048819001,0.048919001000000004,-4.353461247623693,False
657,658,106,0.080576485,0.080676485,-3.631707961346137,False
658,659,107,0.021441019,0.021541018999999998,-5.536769691449041,False
659,660,108,0.0,0.0001,-13.287712379549449,False
660,661,109,0.007442337,0.0075423370000000005,-7.0507726715244745,False
661,662,110,0.063120757,0.063220757,-3.9834578797204268,False
662,663,111,0.0160521,0.0161521,-5.952134442030251,False
663,664,112,0.02297252,0.02307252,-5.437680604784838,False
664,665,113,0.026239009,0.026339009,-5.246655124274507,False
665,666,114,0.026875106,0.026975106,-5.212227560909482,False
666,667,118,0.027684056,0.027784055999999998,-5.1695989661231625,False
667,668,118,0.027684056,0.027784055999999998,-5.1695989661231625,False
668,669,117,0.023451114,0.023551113999999998,-5.408060886868112,False
669,670,118,0.027684056,0.027784055999999998,-5.1695989661231625,False
670,671,119,0.062373873,0.062473873000000006,-4.000603218784496,False
671,672,120,0.006977191,0.007077191,-7.142607429227562,False
672,673,121,0.029661489,0.029761489,-5.0704094819048136,False
673,674,122,0.0,0.0001,-13.287712379549449,False
674,675,123,0.015404838,0.015504838,-6.01113773753058,False
675,676,25,0.014060904,0.014160904,-6.141942823034068,False
676,677,26,0.050048905,0.050148905,-4.317637989801009,False
677,678,207,0.030740088,0.030840087999999998,-5.019049307888105,False
678,679,207,0.030740088,0.030840087999999998,-5.019049307888105,False
679,680,125,0.02126382,0.02136382,-5.548686555749459,False
680,681,125,0.02126382,0.02136382,-5.548686555749459,False
681,682,125,0.02126382,0.02136382,-5.548686555749459,False
682,683,125,0.02126382,0.02136382,-5.548686555749459,False
683,684,126,0.017317746,0.017417745999999998,-5.843298250397086,False
684,685,128,0.017317746,0.017417745999999998,-5.843298250397086,False
685,686,128,0.017317746,0.017417745999999998,-5.843298250397086,False
686,687,129,0.019855489,0.019955489,-5.647070557919716,False
687,688,130,0.010233214,0.010333213999999999,-6.596567135893366,False
688,689,131,0.017726827,0.017826827,-5.8098062495000296,False
689,690,132,0.046071611,0.046171611,-4.436850118614146,False
690,691,133,0.052993428,0.053093428000000005,-4.235322897080444,False
691,692,134,0.010406658,0.010506657999999999,-6.572552345742408,False
692,693,135,0.004616487,0.004716487,-7.728071593441393,False
693,694,136,0.0,0.0001,-13.287712379549449,False
694,695,137,0.020191094,0.020291094,-5.623009539277171,False
695,696,138,0.006321676,0.006421676,-7.2828344076683225,False
696,697,125,0.02126382,0.02136382,-5.548686555749459,False
697,698,32,0.020021505,0.020121504999999998,-5.635117973357214,False
698,699,33,0.038559935,0.038659935,-4.69301697786594,False
699,700,34,0.027419137,0.027519137,-5.183420961934655,False
700,701,139,0.01765731,0.01775731,-5.815443140946734,False
701,702,140,0.023921798,0.024021798,-5.3795120508625835,False
702,703,141,0.0,0.0001,-13.287712379549449,False
703,704,142,0.0,0.0001,-13.287712379549449,False
704,705,143,0.0,0.0001,-13.287712379549449,False
705,706,144,0.0,0.0001,-13.287712379549449,False
706,707,147,0.035502986,0.035602986,-4.811857945584817,False
707,708,146,0.0,0.0001,-13.287712379549449,False
708,709,147,0.035502986,0.035602986,-4.811857945584817,False
709,710,148,0.0,0.0001,-13.287712379549449,False
710,711,149,0.03468886,0.034788860000000005,-4.8452307858756605,False
711,712,150,0.010563317,0.010663316999999999,-6.551199907861336,False
712,713,151,0.0,0.0001,-13.287712379549449,False
713,714,152,0.0,0.0001,-13.287712379549449,False
714,715,153,0.013695007,0.013795007,-6.179710001016651,False
715,716,154,0.023441723,0.023541723,-5.408636275830496,False
716,717,155,0.034836472,0.034936472,-4.83912226226102,False
717,718,156,0.023060763,0.023160763,-5.432173408028568,False
718,719,157,0.024282202,0.024382202,-5.3580277655793624,False
719,720,158,0.01873687,0.01883687,-5.730296928148024,False
720,721,159,0.004339172,0.004439172,-7.815493676305526,False
721,722,160,0.028392731,0.028492731,-5.133262280597058,False
722,723,161,0.013644285,0.013744285,-6.185024332307971,False
723,724,162,0.0,0.0001,-13.287712379549449,False
724,725,164,0.04354559,0.043645590000000005,-4.518020300102043,False
725,726,164,0.04354559,0.043645590000000005,-4.518020300102043,False
726,727,166,0.031159958,0.031259958000000004,-4.999540349800308,False
727,728,166,0.031159958,0.031259958000000004,-4.999540349800308,False
728,729,167,0.041376171,0.041476171000000006,-4.591573476295955,False
729,730,168,0.040009557,0.040109557000000004,-4.639910157739294,False
730,731,169,0.015109443,0.015209443,-6.038888870101662,False
731,732,170,0.015109443,0.015209443,-6.038888870101662,False
732,733,171,0.04142015,0.041520150000000006,-4.590044534039787,False
733,734,172,0.012871967,0.012971967,-6.268458931003806,False
734,735,173,0.006001885,0.0061018850000000005,-7.356529294436293,False
735,736,174,0.0,0.0001,-13.287712379549449,False
736,737,175,0.021882344,0.021982344,-5.507510959225817,False
737,738,176,0.019569492,0.019669492,-5.667896491870777,False
738,739,177,0.01610473,0.01620473,-5.947441206817591,False
739,740,178,0.012871967,0.012971967,-6.268458931003806,False
740,741,179,0.034224795,0.034324795000000005,-4.8646050856694005,False
741,742,180,0.002188923,0.002288923,-8.771115353610616,False
742,743,181,0.020011618,0.020111617999999998,-5.635827037187848,False
743,744,182,0.0,0.0001,-13.287712379549449,False
744,745,183,0.015623227,0.015723227,-5.990958846280358,False
745,746,184,0.022211626,0.022311626,-5.486060533357333,False
746,747,185,0.012403895,0.012503895,-6.321478621136995,False
747,748,186,0.017295572,0.017395571999999998,-5.845136071438031,False
748,749,187,0.005932298,0.006032298,-7.3730765840888735,False
749,750,188,0.005932298,0.006032298,-7.3730765840888735,False
750,751,189,0.020638414,0.020738414,-5.591550623580483,False
751,752,190,0.029237753,0.029337752999999998,-5.091097811602453,False
752,753,191,0.062217939,0.062317939,-4.004208668885529,False
753,754,192,0.024533887,0.024633887,-5.343211900014398,False
754,755,193,0.009784746,0.009884746,-6.660580389951757,False
755,756,194,0.010549705,0.010649704999999999,-6.553042721852396,False
756,757,195,0.026239009,0.026339009,-5.246655124274507,False
757,758,196,0.002407815,0.002507815,-8.639353359339838,False
758,759,197,0.015865447,0.015965447,-5.968903243778371,False
759,760,198,0.021319195,0.021419195,-5.544951929636676,False
760,761,199,0.024807791,0.024907791,-5.327259110976393,False
761,762,200,0.024807791,0.024907791,-5.327259110976393,False
762,763,201,0.013083561,0.013183561,-6.245116081709197,False
763,764,202,0.0,0.0001,-13.287712379549449,False
764,765,206,0.025583034,0.025683034,-5.283040548132153,False
765,766,204,0.025583034,0.025683034,-5.283040548132153,False
766,767,205,0.029562617,0.029662617,-5.075210303837612,False
767,768,206,0.025583034,0.025683034,-5.283040548132153,False
768,769,207,0.030740088,0.030840087999999998,-5.019049307888105,False
769,770,208,0.034110712,0.034210712000000004,-4.8694080597063305,False
770,771,209,0.037211686,0.037311686000000004,-4.7442286372082885,False
771,772,210,0.019967246,0.020067246,-5.639013552883215,False
772,773,211,0.042344332,0.042444332,-4.558284280082565,False
773,774,212,0.018125249,0.018225249,-5.7779176644619525,False
774,775,213,0.018125249,0.018225249,-5.7779176644619525,False
775,776,214,0.028327235,0.028427235,-5.1365824089366,False
776,777,215,0.009669178,0.009769178,-6.677547108877242,False
777,778,217,0.032847352,0.032947352000000006,-4.923693670216129,False
778,779,217,0.032847352,0.032947352000000006,-4.923693670216129,False
779,780,218,0.014795008,0.014895008,-6.069027291326105,False
780,781,219,0.012965158,0.013065157999999999,-6.258131618164005,False
781,782,220,0.006132263,0.006232263,-7.326028168594061,False
782,783,221,0.024559713,0.024659713,-5.34170018062141,False
783,784,222,0.030320633,0.030420633,-5.038806016447374,False
784,785,223,0.023060763,0.023160763,-5.432173408028568,False
785,786,224,0.034110712,0.034210712000000004,-4.8694080597063305,False
786,787,35,0.028994105,0.029094105,-5.1031293235418795,False
787,788,225,0.005975599,0.006075599,-7.362757632037801,False
788,789,36,0.05667626,0.05677626,-4.1385683716592805,False
789,790,226,0.039478387,0.039578387,-4.659143372602023,False
790,791,227,0.019595515,0.019695515,-5.665989048617025,False
791,792,228,0.016228885,0.016328884999999998,-5.93642990836013,False
792,793,229,0.03929554,0.03939554,-4.665823879486258,False
793,794,230,0.023729191,0.023829191,-5.391126216849144,False
794,795,231,0.030320633,0.030420633,-5.038806016447374,False
795,796,232,0.014618877,0.014718877,-6.086188586880829,False
796,797,233,0.015240956,0.015340956,-6.0264677999271,False
797,798,234,0.029099186,0.029199186,-5.097928038824643,False
798,799,235,0.007510615,0.007610615,-7.037771244652012,False
799,800,236,0.019038537,0.019138537,-5.7073756391313015,False
800,801,237,0.047596342,0.047696342,-4.389977564651375,False
801,802,238,0.025460627,0.025560627,-5.289932963869472,False
802,803,240,0.003935851,0.004035851,-7.952911372241885,False
803,804,240,0.003935851,0.004035851,-7.952911372241885,False
804,805,241,0.001568309,0.001668309,-9.227397758780723,False
805,806,242,0.020130912,0.020230912,-5.627294832398528,False
806,807,243,0.012848878,0.012948877999999999,-6.271029093713315,False
807,808,244,0.017114782,0.017214781999999998,-5.860208278370834,False
808,809,245,0.042882038,0.042982038,-4.540122299778062,False
809,810,246,0.006346179,0.006446179000000001,-7.277340034392647,False
810,811,247,0.005975599,0.006075599,-7.362757632037801,False
811,812,248,0.011988702,0.012088702,-6.370196843342674,False
812,813,249,0.017588336,0.017688336,-5.821057854435034,False
813,814,250,0.008898447,0.008998447,-6.7961082497449485,False
814,815,251,0.016243196,0.016343196,-5.935166051916423,False
815,816,252,0.009792549,0.009892548999999999,-6.659441978456335,False
816,817,253,0.016639372,0.016739372,-5.900610785511355,False
817,818,254,0.010915428,0.011015427999999999,-6.504330638314548,False
818,819,255,0.008483493,0.008583493,-6.864219421520521,False
819,820,256,0.019324524,0.019424524,-5.6859769441020225,False
820,821,257,0.008065587,0.008165587,-6.936227684049757,False
821,822,258,0.020749373,0.020849373,-5.583852191399366,False
822,823,259,0.022327011,0.022427011,-5.4786188343003195,False
823,824,260,0.027818445,0.027918445,-5.162637601137745,False
824,825,261,0.010148642,0.010248641999999999,-6.608423432206024,False
825,826,262,0.029769349,0.029869349,-5.0651903952029,False
826,827,263,0.016455419,0.016555419,-5.916552665504773,False
827,828,264,0.027818445,0.027918445,-5.162637601137745,False
828,829,265,0.013509193,0.013609192999999999,-6.199274669546806,False
829,830,266,0.048393522,0.048493522000000004,-4.36606415180845,False
830,831,267,0.024397066,0.024497065999999998,-5.3512472209845905,False
831,832,268,0.019491835,0.019591835,-5.673603660907406,False
832,833,269,0.011033114,0.011133114,-6.488999010032717,False
833,834,270,0.01500157,0.01510157,-6.049157645954786,False
834,835,271,20.13019304,20.13029304,4.331296268849428,True
835,836,272,0.032005112,0.032105112000000005,-4.961053158163475,False
836,837,273,0.001972668,0.0020726679999999997,-8.914295240627986,False
837,838,274,0.030699641,0.030799641,-5.020942654781111,False
838,839,275,0.019440406,0.019540406,-5.677395746618809,False
839,840,277,0.030546906,0.030646905999999998,-5.028114757743441,False
840,841,277,0.030546906,0.030646905999999998,-5.028114757743441,False
841,842,278,0.037701313,0.037801313,-4.725419843537623,False
842,843,279,0.017492673,0.017592673,-5.828881489746664,False
843,844,280,0.028686097,0.028786097,-5.118483997276976,False
844,845,281,0.033672271,0.033772271,-4.888016993838374,False
845,846,282,0.006297362,0.006397362,-7.288307163001191,False
846,847,283,0.007181203,0.007281203,-7.101607452541474,False
847,848,284,0.299430997,0.29953099699999997,-1.739222786683933,False
848,849,285,0.240597694,0.240697694,-2.054705774723065,False
849,850,286,2.572244299,2.572344299,1.3630837551139214,False
850,851,287,6.81538362,6.81548362,2.768816032880883,True
851,852,288,0.029064749,0.029164749,-5.099630531807292,False
852,853,289,0.01334767,0.01344767,-6.216499962765353,False
853,854,290,0.011370237,0.011470237,-6.445960988901172,False
854,855,291,0.026988695,0.027088695,-5.206165296507136,False
855,856,292,0.080913782,0.081013782,-3.6256888307688375,False
856,857,293,0.013977072,0.014077072,-6.1505089019900385,False
857,858,294,0.043714699,0.043814699000000006,-4.512441241937462,False
858,859,295,0.010032562,0.010132562,-6.624857186675303,False
859,860,296,0.009475198,0.009575198,-6.706481964656906,False
860,861,297,0.050659473,0.050759473,-4.300179099008499,False
861,862,298,0.027845479,0.027945479,-5.161241286021037,False
862,863,299,0.008678344,0.008778343999999999,-6.831835477967624,False
863,864,300,0.049401721,0.049501721000000005,-4.336377506299559,False
864,865,301,0.004401382,0.004501382,-7.795416283564349,False
865,866,302,0.022740475,0.022840475,-5.4522635358770035,False
866,867,303,0.043087215,0.043187215,-4.53325190483981,False
867,868,304,0.043294365,0.043394365000000004,-4.526348476929131,False
868,869,305,0.018700289,0.018800288999999998,-5.733101350442973,False
869,870,306,0.043238931,0.043338931000000004,-4.528192621484325,False
870,871,307,0.01908786,0.01918786,-5.703662371391321,False
871,872,308,0.007419853,0.007519853,-7.055079824653304,False
872,873,309,0.01731299,0.01741299,-5.843692239066009,False
873,874,310,0.007212838,0.007312838,-7.095352882049011,False
874,875,311,1.712290196,1.712390196,0.7760114807650417,False
875,876,312,4.106761276,4.106861276,2.0380362159298304,True
876,877,314,0.619067137,0.619167137,-0.6915991940531502,False
877,878,314,0.619067137,0.619167137,-0.6915991940531502,False
878,879,315,93.30792467,93.30802467000001,6.543929255854759,True
879,880,316,71.27308476,71.27318476,6.155287485857395,True
880,881,317,92.75928928,92.75938928000001,6.535421416320008,True
881,882,318,121.4534249,121.4535249,6.924260551151992,True
882,883,319,53.07486124,53.07496124,5.729959507435722,True
883,884,320,21.01760227,21.01770227,4.393533052252662,True
884,885,321,77.02880983,77.02890983,6.26732810226162,True
885,886,578,121.6170922,121.6171922,6.926203377014085,True
886,887,323,0.038282526,0.038382526,-4.703406529628755,False
887,888,324,0.017977267,0.018077267,-5.789679608458739,False
888,889,325,0.004822722,0.004922722,-7.6663280158481735,False
889,890,326,2.172689922,2.172789922,1.119548693092585,False
890,891,327,0.027419137,0.027519137,-5.183420961934655,False
891,892,328,1.726575852,1.726675852,0.7879972718622571,False
892,893,329,0.026721745,0.026821745,-5.220453088962193,False
893,894,330,0.018426365,0.018526365,-5.754276347314763,False
894,895,331,0.026358277,0.026458277,-5.240137075417844,False
895,896,333,0.003622376,0.003722376,-8.069560494193114,False
896,897,333,0.003622376,0.003722376,-8.069560494193114,False
897,898,334,0.016373142,0.016473142,-5.923740436441134,False
898,899,335,0.00232573,0.0024257299999999996,-8.687365306890703,False
899,900,336,0.013440639,0.013540639,-6.206560366638891,False
900,901,337,0.015080525,0.015180524999999999,-6.0416345043046675,False
901,902,338,0.011628652,0.011728652,-6.413818979022815,False
902,903,339,0.010724765,0.010824765,-6.529520484639325,False
903,904,340,0.021356272,0.021456272,-5.542456758336749,False
904,905,341,0.040718546,0.040818546000000004,-4.6146313968198145,False
905,906,342,0.002451069,0.002551069,-8.61468236392179,False
906,907,343,0.004510507,0.004610507000000001,-7.760858877572102,False
907,908,344,0.002165759,0.002265759,-8.785789869220954,False
908,909,345,0.00767491,0.00777491,-7.006958309522408,False
909,910,12,0.006898796,0.006998796,-7.158677527494309,False
910,911,12,0.006898796,0.006998796,-7.158677527494309,False
911,912,347,0.013994138,0.014094137999999999,-6.148760944654894,False
912,913,347,0.013994138,0.014094137999999999,-6.148760944654894,False
913,914,348,0.013994138,0.014094137999999999,-6.148760944654894,False
914,915,349,0.030117819,0.030217819,-5.0484566534094055,False
915,916,350,0.020021505,0.020121504999999998,-5.635117973357214,False
916,917,351,0.007871703,0.007971703,-6.970896323658341,False
917,918,352,0.013171463,0.013271462999999999,-6.235528772608105,False
918,919,353,0.010196796,0.010296795999999999,-6.601660698385611,False
919,920,354,0.002794051,0.002894051,-8.43269393888133,False
920,921,355,0.014339535,0.014439535,-6.113831906275107,False
921,922,356,0.027124181,0.027224181,-5.198967541567572,False
922,923,357,0.023894813,0.023994813,-5.381133620105652,False
923,924,358,0.009959332,0.010059331999999999,-6.63532168505723,False
924,925,359,0.007580158,0.007680158,-7.0246482935761065,False
925,926,360,0.01547881,0.01557881,-6.00427115359381,False
926,927,12,0.006898796,0.006998796,-7.158677527494309,False
927,928,361,0.022352412,0.022452411999999998,-5.476985751778441,False
928,929,362,0.044926304,0.045026304,-4.47308813136463,False
929,930,363,0.016990996,0.017090996,-5.870619715382639,False
930,931,364,0.017418236,0.017518236,-5.834998679800135,False
931,932,13,0.0,0.0001,-13.287712379549449,False
932,933,376,0.00415562,0.00425562,-7.876414951631087,False
933,934,366,0.025583034,0.025683034,-5.283040548132153,False
934,935,367,0.0,0.0001,-13.287712379549449,False
935,936,368,0.014007441,0.014107441,-6.147399873804752,False
936,937,369,0.031667251,0.031767251,-4.976315938887981,False
937,938,370,0.008672215,0.008772215,-6.8328431129113385,False
938,939,371,0.023363501,0.023463500999999998,-5.413437895142418,False
939,940,372,0.025733818,0.025833817999999998,-5.274595313542398,False
940,941,373,0.007483154,0.007583154,-7.042986262947611,False
941,942,374,0.002574393,0.0026743929999999997,-8.5465728007228,False
942,943,375,0.002006512,0.0021065119999999996,-8.890928150251984,False
943,944,376,0.00415562,0.00425562,-7.876414951631087,False
944,945,377,0.018605843,0.018705843,-5.740367205734982,False
945,946,14,0.019897915,0.019997914999999998,-5.644006598572933,False
946,947,37,0.007401963,0.007501963,-7.058516137078347,False
947,948,39,0.014571566,0.014671565999999999,-6.090833321499869,False
948,949,39,0.014571566,0.014671565999999999,-6.090833321499869,False
949,950,40,0.018378016,0.018478016,-5.758046328075936,False
950,951,378,0.006937772,0.007037772,-7.150665508255306,False
951,952,379,0.0,0.0001,-13.287712379549449,False
952,953,380,0.025583034,0.025683034,-5.283040548132153,False
953,954,381,0.013954382,0.014054381999999999,-6.1528361729214565,False
954,955,383,0.030699641,0.030799641,-5.020942654781111,False
955,956,383,0.030699641,0.030799641,-5.020942654781111,False
956,957,384,0.002765733,0.0028657329999999996,-8.446880084524645,False
957,958,385,0.019491835,0.019591835,-5.673603660907406,False
958,959,386,0.0,0.0001,-13.287712379549449,False
959,960,387,0.03374393,0.03384393,-4.8849590840146675,False
960,961,388,0.0,0.0001,-13.287712379549449,False
961,962,389,0.001283162,0.001383162,-9.497814145592839,False
962,963,390,0.027498079,0.027598079,-5.179288339931619,False
963,964,391,0.0,0.0001,-13.287712379549449,False
964,965,392,0.009224305,0.009324305,-6.744788088561805,False
965,966,393,0.023823354,0.023923354,-5.385436523484653,False
966,967,394,0.034397357,0.034497357000000006,-4.857370355102951,False
967,968,395,0.071040491,0.071140491,-3.8131852580960666,False
968,969,396,0.036432383,0.036532383,-4.7746803262978466,False
969,970,397,0.042979497,0.043079497,-4.536854784828585,False
970,971,398,0.0,0.0001,-13.287712379549449,False
971,972,399,0.0,0.0001,-13.287712379549449,False
972,973,400,0.0,0.0001,-13.287712379549449,False
973,974,401,0.009029306,0.009129306,-6.775279092405891,False
974,975,402,0.006908499,0.0070084990000000005,-7.156678787234923,False
975,976,403,0.045294552,0.045394552000000005,-4.461337026051677,False
976,977,404,0.009519268,0.009619267999999999,-6.699857171638732,False
977,978,405,0.012791517,0.012891517,-6.277434147983394,False
978,979,406,0.005144165,0.005244165,-7.5750712060938685,False
979,980,407,0.007817038,0.007917038,-6.980823508648736,False
980,981,408,0.015258601,0.015358601,-6.02480938141639,False
981,982,409,0.0,0.0001,-13.287712379549449,False
982,983,410,0.025406599,0.025506598999999998,-5.292985644144341,False
983,984,411,0.0,0.0001,-13.287712379549449,False
984,985,412,0.002623901,0.002723901,-8.520110015014208,False
985,986,413,0.0,0.0001,-13.287712379549449,False
986,987,414,0.0654317,0.0655317,-3.9316632316807736,False
987,988,415,0.002923775,0.003023775,-8.369433492477748,False
988,989,416,0.02604818,0.02614818,-5.2571456561648855,False
989,990,417,0.048676908,0.048776908,-4.357657882121365,False
990,991,418,0.02604818,0.02614818,-5.2571456561648855,False
991,992,419,0.0,0.0001,-13.287712379549449,False
992,993,41,0.014914805,0.015014804999999999,-6.05747045130056,False
993,994,42,0.029518885,0.029618885,-5.077338858238042,False
994,995,43,0.0,0.0001,-13.287712379549449,False
995,996,44,0.032146221,0.032246221000000005,-4.954726091688732,False
996,997,420,0.010604366,0.010704366,-6.545656839706834,False
997,998,421,0.041668175,0.041768175000000005,-4.58145208137025,False
998,999,437,0.021670335,0.021770335,-5.521492582013411,False
999,1000,423,0.004704926,0.004804926,-7.701270072238527,False
1000,1001,424,0.018892087,0.018992086999999998,-5.718457740890088,False
1001,1002,425,0.015388291,0.015488291,-6.012678225882679,False
1002,1003,426,0.001504884,0.001604884,-9.283315260630813,False
1003,1004,427,0.017389775,0.017489775,-5.837344460176232,False
1004,1005,428,0.013797591,0.013897590999999999,-6.169021361038352,False
1005,1006,429,0.021040252,0.021140252,-5.563863615467402,False
1006,1007,430,0.014362405,0.014462405,-6.111548707121581,False
1007,1008,431,0.00802605,0.00812605,-6.943230043089626,False
1008,1009,432,0.016373142,0.016473142,-5.923740436441134,False
1009,1010,433,0.015216674,0.015316673999999999,-6.028753138246352,False
1010,1011,434,0.001819238,0.001919238,-9.025250656959358,False
1011,1012,435,0.025583034,0.025683034,-5.283040548132153,False
1012,1013,436,0.029237753,0.029337752999999998,-5.091097811602453,False
1013,1014,437,0.021670335,0.021770335,-5.521492582013411,False
1014,1015,438,0.021356272,0.021456272,-5.542456758336749,False
1015,1016,439,0.008468866,0.008568866,-6.866679993326229,False
1016,1017,440,0.022583644,0.022683644,-5.462203770022003,False
1017,1018,46,0.031629933,0.031729933,-4.978011714868679,False
1018,1019,46,0.031629933,0.031729933,-4.978011714868679,False
1019,1020,47,0.006822142,0.006922142,-7.174565747580205,False
1020,1021,48,0.004308722,0.004408722,-7.825423776605269,False
1021,1022,441,0.017970521,0.018070521,-5.790218087928566,False
1022,1023,442,0.009055941,0.009155940999999999,-6.771076118326118,False
1023,1024,443,0.04056409,0.04066409,-4.620100860820202,False
1024,1025,444,0.0,0.0001,-13.287712379549449,False
1025,1026,445,0.02669534,0.02679534,-5.22187406757878,False
1026,1027,446,0.005765191,0.0058651910000000005,-7.413606194265756,False
1027,1028,447,0.0,0.0001,-13.287712379549449,False
1028,1029,448,0.0,0.0001,-13.287712379549449,False
1029,1030,449,0.002882595,0.0029825949999999998,-8.389216194068945,False
1030,1031,450,0.003100974,0.0032009739999999997,-8.287273326061442,False
1031,1032,452,0.013098513,0.013198513,-6.243480791128103,False
1032,1033,452,0.013098513,0.013198513,-6.243480791128103,False
1033,1034,453,0.040932854,0.041032854,-4.607076686812843,False
1034,1035,454,0.0,0.0001,-13.287712379549449,False
1035,1036,455,0.022561416,0.022661416,-5.463618178909651,False
1036,1037,456,0.023660609,0.023760609,-5.395284375941592,False
1037,1038,457,0.047134802,0.047234802000000006,-4.4040059790919805,False
1038,1039,458,0.004732122,0.004832122,-7.693127404797717,False
1039,1040,469,0.028425593,0.028525593,-5.131599311700144,False
1040,1041,469,0.028425593,0.028525593,-5.131599311700144,False
1041,1042,461,0.005975599,0.006075599,-7.362757632037801,False
1042,1043,462,0.011864595,0.011964595,-6.385084627113152,False
1043,1044,463,0.026530554,0.026630554,-5.230773748280681,False
1044,1045,464,0.047596342,0.047696342,-4.389977564651375,False
1045,1046,465,0.023390203,0.023490202999999998,-5.411797008743567,False
1046,1047,466,0.0,0.0001,-13.287712379549449,False
1047,1048,468,0.031486811,0.031586811000000006,-4.984533899626417,False
1048,1049,468,0.031486811,0.031586811000000006,-4.984533899626417,False
1049,1050,469,0.028425593,0.028525593,-5.131599311700144,False
1050,1051,470,0.047511349,0.047611349000000004,-4.392550683584978,False
1051,1052,472,0.028036202,0.028136202,-5.15142859203068,False
1052,1053,472,0.028036202,0.028136202,-5.15142859203068,False
1053,1054,473,0.009537752,0.009637752,-6.69708760673976,False
1054,1055,474,0.012158274,0.012258274,-6.350100332029746,False
1055,1056,475,0.016707288,0.016807288,-5.894769237633648,False
1056,1057,476,0.035749218,0.035849218,-4.80191454085666,False
1057,1058,477,0.001698459,0.001798459,-9.119023014358051,False
1058,1059,478,0.030423067,0.030523067,-5.033956256325064,False
1059,1060,479,0.025219294,0.025319294,-5.303619012374157,False
1060,1061,480,0.015743406,0.015843406,-5.97997367183906,False
1061,1062,481,0.014938998,0.015038998,-6.055147741681188,False
1062,1063,482,0.051458446,0.051558446,-4.277647409044128,False
1063,1064,483,0.004651461,0.004751461,-7.717413096825405,False
1064,1065,484,0.018989469,0.019089468999999998,-5.711079217033989,False
1065,1066,485,0.016483029,0.016583029,-5.9141486410739414,False
1066,1067,500,0.02590687,0.026006869999999998,-5.264963412454674,False
1067,1068,487,0.04223231,0.042332310000000005,-4.562096973629258,False
1068,1069,489,0.021543608,0.021643607999999998,-5.529915172595898,False
1069,1070,489,0.021543608,0.021643607999999998,-5.529915172595898,False
1070,1071,490,0.019967246,0.020067246,-5.639013552883215,False
1071,1072,491,0.004219882,0.004319882000000001,-7.8547923797594255,False
1072,1073,492,0.022953002,0.023053002,-5.438901556755363,False
1073,1074,493,0.0,0.0001,-13.287712379549449,False
1074,1075,494,0.0,0.0001,-13.287712379549449,False
1075,1076,498,0.030546906,0.030646905999999998,-5.028114757743441,False
1076,1077,498,0.030546906,0.030646905999999998,-5.028114757743441,False
1077,1078,498,0.030546906,0.030646905999999998,-5.028114757743441,False
1078,1079,498,0.030546906,0.030646905999999998,-5.028114757743441,False
1079,1080,499,0.030546906,0.030646905999999998,-5.028114757743441,False
1080,1081,500,0.02590687,0.026006869999999998,-5.264963412454674,False
1081,1082,505,0.004013025,0.004113025,-7.925584443733977,False
1082,1083,502,0.016291683,0.016391683,-5.930892200431897,False
1083,1084,503,0.036117224,0.036217224000000006,-4.787180219823347,False
1084,1085,504,0.026363533,0.026463533,-5.2398505090604255,False
1085,1086,505,0.004013025,0.004113025,-7.925584443733977,False
1086,1087,506,0.045480949,0.045580949,-4.455425227801152,False
1087,1088,507,0.022490579,0.022590579,-5.468134942074985,False
1088,1089,508,0.030423067,0.030523067,-5.033956256325064,False
1089,1090,509,0.015583574,0.015683574,-5.994601829012259,False
1090,1091,510,0.032256869,0.032356869,-4.949784177084481,False
1091,1092,511,0.021543608,0.021643607999999998,-5.529915172595898,False
1092,1093,512,0.021543608,0.021643607999999998,-5.529915172595898,False
1093,1094,513,0.002407815,0.002507815,-8.639353359339838,False
1094,1095,514,0.012960271,0.013060271,-6.258671356726541,False
1095,1096,515,0.006201948,0.006301948,-7.309986434535711,False
1096,1097,516,0.033922255,0.034022255,-4.877377423567637,False
1097,1098,518,0.010169653,0.010269653,-6.605468754334459,False
1098,1099,518,0.010169653,0.010269653,-6.605468754334459,False
1099,1100,49,0.031486811,0.031586811000000006,-4.984533899626417,False
1100,1101,519,0.010428753,0.010528753,-6.569521612599015,False
1101,1102,523,0.008353644,0.008453644,-6.886210925812279,False
1102,1103,521,0.008353644,0.008453644,-6.886210925812279,False
1103,1104,522,0.005819837,0.005919837,-7.400226832208054,False
1104,1105,523,0.008353644,0.008453644,-6.886210925812279,False
1105,1106,524,0.025424133,0.025524133,-5.291994233092568,False
1106,1107,525,0.0,0.0001,-13.287712379549449,False
1107,1108,526,0.018521654,0.018621653999999998,-5.746874969100307,False
1108,1109,530,0.0,0.0001,-13.287712379549449,False
1109,1110,528,0.0,0.0001,-13.287712379549449,False
1110,1111,529,0.046632366,0.046732366000000004,-4.419434108915756,False
1111,1112,530,0.0,0.0001,-13.287712379549449,False
1112,1113,531,0.001397026,0.001497026,-9.383685006655652,False
1113,1114,532,0.010008033,0.010108032999999999,-6.628353910361726,False
1114,1115,533,0.037478915,0.037578915000000004,-4.733932776734601,False
1115,1116,534,0.028660347,0.028760347,-5.119775107455123,False
1116,1117,535,0.038186133,0.038286133,-4.707034238216985,False
1117,1118,536,0.022591063,0.022691063,-5.461731993769928,False
1118,1119,537,0.017226251,0.017326251,-5.850896667349404,False
1119,1120,538,0.021172166,0.021272166,-5.554889249171924,False
1120,1121,539,0.035211058,0.035311058000000006,-4.823736141588957,False
1121,1122,540,0.0,0.0001,-13.287712379549449,False
1122,1123,541,0.030123746,0.030223746,-5.048173707276732,False
1123,1124,542,0.029237753,0.029337752999999998,-5.091097811602453,False
1124,1125,543,0.040483043,0.040583043000000006,-4.622979144384066,False
1125,1126,544,0.0,0.0001,-13.287712379549449,False
1126,1127,545,0.0,0.0001,-13.287712379549449,False
1127,1128,546,0.0,0.0001,-13.287712379549449,False
1128,1129,547,0.0,0.0001,-13.287712379549449,False
1129,1130,548,0.02126382,0.02136382,-5.548686555749459,False
1130,1131,549,0.021977371,0.022077371,-5.501287805298219,False
1131,1132,550,0.0,0.0001,-13.287712379549449,False
1132,1133,551,0.009267816,0.009367816,-6.738071545553799,False
1133,1134,552,0.002286752,0.002386752,-8.71073561642331,False
1134,1135,553,0.018605843,0.018705843,-5.740367205734982,False
1135,1136,554,0.005084827,0.005184827,-7.591488432635341,False
1136,1137,555,0.026127354,0.026227353999999998,-5.2527839240564385,False
1137,1138,556,0.130636769,0.130736769,-2.9352631466098176,False
1138,1139,557,0.008709118,0.008809118,-6.826786706007361,False
1139,1140,558,0.0,0.0001,-13.287712379549449,False
1140,1141,559,0.0,0.0001,-13.287712379549449,False
1141,1142,560,0.0,0.0001,-13.287712379549449,False
1142,1143,561,0.0,0.0001,-13.287712379549449,False
1143,1144,562,0.095252554,0.095352554,-3.3905846084072464,False
1144,1145,563,0.0,0.0001,-13.287712379549449,False
1145,1146,564,0.0,0.0001,-13.287712379549449,False
1146,1147,565,0.0,0.0001,-13.287712379549449,False
1147,1148,566,0.0,0.0001,-13.287712379549449,False
1148,1149,567,0.0,0.0001,-13.287712379549449,False
1149,1150,570,0.023390203,0.023490202999999998,-5.411797008743567,False
1150,1151,569,0.0,0.0001,-13.287712379549449,False
1151,1152,570,0.023390203,0.023490202999999998,-5.411797008743567,False
1152,1153,571,0.004651461,0.004751461,-7.717413096825405,False
1153,1154,572,0.012659646,0.012759646,-6.292267885838789,False
1154,1155,573,0.0,0.0001,-13.287712379549449,False
1155,1156,574,0.05397739,0.05407739,-4.208830666943884,False
1156,1157,575,0.0,0.0001,-13.287712379549449,False
1157,1158,576,0.0,0.0001,-13.287712379549449,False
1158,1159,577,0.0,0.0001,-13.287712379549449,False
1159,1160,0,,,,False
1160,1161,0,,,,False
